ISO-10303-21;
HEADER;

/* File generated by Shapr3D Version 26.170.11783.0 */

FILE_DESCRIPTION(('HOOPS Exchange Step'),'2;1');

FILE_NAME('C:\\Users\\theco\\AppData\\Local\\Packages\\Shapr3D.Shapr3D_dvv5p1vgwv6mp\\TempState\\export\\temp_export',
'2026-09-22T16:23:33-04:00',
('theco'),
('Shapr3D Limited'),
'HOOPS Exchange 2026.3',
'Shapr3D',
'Authorized');

FILE_SCHEMA( ('AP242_MANAGED_MODEL_BASED_3D_ENGINEERING_MIM_LF {1 0 10303 442 1 1 4}') );

ENDSEC;

DATA;
#3=(NAMED_UNIT(*)PLANE_ANGLE_UNIT()SI_UNIT($,.RADIAN.));
#4=PLANE_ANGLE_MEASURE_WITH_UNIT(PLANE_ANGLE_MEASURE(0.0174532925),#3);
#5=(CONVERSION_BASED_UNIT('DEGREE',#4)NAMED_UNIT(#6)PLANE_ANGLE_UNIT());
#6=DIMENSIONAL_EXPONENTS(0.,0.,0.,0.,0.,0.,0.);
#7=(NAMED_UNIT(*)SI_UNIT($,.STERADIAN.)SOLID_ANGLE_UNIT());
#8=(LENGTH_UNIT()NAMED_UNIT(*)SI_UNIT(.MILLI.,.METRE.));
#9=UNCERTAINTY_MEASURE_WITH_UNIT(LENGTH_MEASURE(1.000000E-05),#8,'DISTANCE_ACCURACY_VALUE','Maximum Tolerance applied to model');
#10=(GEOMETRIC_REPRESENTATION_CONTEXT(3)GLOBAL_UNCERTAINTY_ASSIGNED_CONTEXT((#9))GLOBAL_UNIT_ASSIGNED_CONTEXT((#8,#5,#7))REPRESENTATION_CONTEXT('','root'));
#12=CARTESIAN_POINT('',(0.,0.,0.));
#13=DIRECTION('',(0.,0.,1.));
#14=DIRECTION('',(1.,0.,0.));
#15=AXIS2_PLACEMENT_3D('',#12,#13,#14);
#27=CARTESIAN_POINT('',(44.74578234,-4.855,36.559983519));
#28=DIRECTION('',(-1.,-0.,0.));
#29=DIRECTION('',(0.,0.,1.));
#30=AXIS2_PLACEMENT_3D('',#27,#28,#29);
#31=PLANE('',#30);
#32=CARTESIAN_POINT('',(44.74578234,-36.011550735,33.559983519));
#33=VERTEX_POINT('',#32);
#34=CARTESIAN_POINT('',(44.74578234,-22.385,33.559983519));
#35=VERTEX_POINT('',#34);
#36=CARTESIAN_POINT('',(44.74578234,-36.011550735,33.559983519));
#37=DIRECTION('',(-0.,1.,-0.));
#38=VECTOR('',#37,13.626550735);
#39=LINE('',#36,#38);
#40=EDGE_CURVE('',#33,#35,#39,.T.);
#41=ORIENTED_EDGE('',*,*,#40,.T.);
#42=CARTESIAN_POINT('',(44.74578234,-22.385,36.559983519));
#43=VERTEX_POINT('',#42);
#44=CARTESIAN_POINT('',(44.74578234,-22.385,36.559983519));
#45=DIRECTION('',(-0.,-0.,-1.));
#46=VECTOR('',#45,3.);
#47=LINE('',#44,#46);
#48=EDGE_CURVE('',#43,#35,#47,.T.);
#49=ORIENTED_EDGE('',*,*,#48,.F.);
#50=CARTESIAN_POINT('',(44.74578234,-36.011550735,36.559983519));
#51=VERTEX_POINT('',#50);
#52=CARTESIAN_POINT('',(44.74578234,-36.011550735,36.559983519));
#53=DIRECTION('',(-0.,1.,-0.));
#54=VECTOR('',#53,13.626550735);
#55=LINE('',#52,#54);
#56=EDGE_CURVE('',#51,#43,#55,.T.);
#57=ORIENTED_EDGE('',*,*,#56,.F.);
#58=CARTESIAN_POINT('',(44.74578234,-36.011550735,36.559983519));
#59=DIRECTION('',(-0.,-0.,-1.));
#60=VECTOR('',#59,3.);
#61=LINE('',#58,#60);
#62=EDGE_CURVE('',#51,#33,#61,.T.);
#63=ORIENTED_EDGE('',*,*,#62,.T.);
#64=EDGE_LOOP('',(#41,#49,#57,#63));
#65=FACE_BOUND('',#64,.T.);
#66=ADVANCED_FACE('',(#65),#31,.F.);
#67=CARTESIAN_POINT('',(44.84578234,-4.855,36.559983519));
#68=DIRECTION('',(-1.,-0.,0.));
#69=DIRECTION('',(0.,0.,1.));
#70=AXIS2_PLACEMENT_3D('',#67,#68,#69);
#71=PLANE('',#70);
#72=CARTESIAN_POINT('',(44.84578234,-9.665,33.559983519));
#73=VERTEX_POINT('',#72);
#74=CARTESIAN_POINT('',(44.84578234,-9.665,36.559983519));
#75=VERTEX_POINT('',#74);
#76=CARTESIAN_POINT('',(44.84578234,-9.665,33.559983519));
#77=DIRECTION('',(0.,0.,1.));
#78=VECTOR('',#77,3.);
#79=LINE('',#76,#78);
#80=EDGE_CURVE('',#73,#75,#79,.T.);
#81=ORIENTED_EDGE('',*,*,#80,.F.);
#82=CARTESIAN_POINT('',(44.84578234,26.301550735,33.559983519));
#83=VERTEX_POINT('',#82);
#84=CARTESIAN_POINT('',(44.84578234,-9.665,33.559983519));
#85=DIRECTION('',(-0.,1.,-0.));
#86=VECTOR('',#85,35.966550735);
#87=LINE('',#84,#86);
#88=EDGE_CURVE('',#73,#83,#87,.T.);
#89=ORIENTED_EDGE('',*,*,#88,.T.);
#90=CARTESIAN_POINT('',(44.84578234,26.301550735,36.559983519));
#91=VERTEX_POINT('',#90);
#92=CARTESIAN_POINT('',(44.84578234,26.301550735,36.559983519));
#93=DIRECTION('',(-0.,-0.,-1.));
#94=VECTOR('',#93,3.);
#95=LINE('',#92,#94);
#96=EDGE_CURVE('',#91,#83,#95,.T.);
#97=ORIENTED_EDGE('',*,*,#96,.F.);
#98=CARTESIAN_POINT('',(44.84578234,-9.665,36.559983519));
#99=DIRECTION('',(-0.,1.,-0.));
#100=VECTOR('',#99,35.966550735);
#101=LINE('',#98,#100);
#102=EDGE_CURVE('',#75,#91,#101,.T.);
#103=ORIENTED_EDGE('',*,*,#102,.F.);
#104=EDGE_LOOP('',(#81,#89,#97,#103));
#105=FACE_BOUND('',#104,.T.);
#106=ADVANCED_FACE('',(#105),#71,.F.);
#107=CARTESIAN_POINT('',(38.903213449,-31.345,36.559983519));
#108=DIRECTION('',(0.,0.,1.));
#109=DIRECTION('',(1.,0.,-0.));
#110=AXIS2_PLACEMENT_3D('',#107,#108,#109);
#111=PLANE('',#110);
#112=CARTESIAN_POINT('',(42.24578234,-9.665,36.559983519));
#113=VERTEX_POINT('',#112);
#114=CARTESIAN_POINT('',(42.24578234,24.301550735,36.559983519));
#115=VERTEX_POINT('',#114);
#116=CARTESIAN_POINT('',(42.24578234,-9.665,36.559983519));
#117=DIRECTION('',(-0.,1.,-0.));
#118=VECTOR('',#117,33.966550735);
#119=LINE('',#116,#118);
#120=EDGE_CURVE('',#113,#115,#119,.T.);
#121=ORIENTED_EDGE('',*,*,#120,.F.);
#122=CARTESIAN_POINT('',(42.24578234,-9.665,36.559983519));
#123=DIRECTION('',(1.,0.,-0.));
#124=VECTOR('',#123,2.6);
#125=LINE('',#122,#124);
#126=EDGE_CURVE('',#113,#75,#125,.T.);
#127=ORIENTED_EDGE('',*,*,#126,.T.);
#128=ORIENTED_EDGE('',*,*,#102,.T.);
#129=CARTESIAN_POINT('',(-64.696786551,26.301550735,36.559983519));
#130=VERTEX_POINT('',#129);
#131=CARTESIAN_POINT('',(44.84578234,26.301550735,36.559983519));
#132=DIRECTION('',(-1.,-0.,0.));
#133=VECTOR('',#132,109.542568891);
#134=LINE('',#131,#133);
#135=EDGE_CURVE('',#91,#130,#134,.T.);
#136=ORIENTED_EDGE('',*,*,#135,.T.);
#137=CARTESIAN_POINT('',(-64.696786551,-36.011550735,36.559983519));
#138=VERTEX_POINT('',#137);
#139=CARTESIAN_POINT('',(-64.696786551,26.301550735,36.559983519));
#140=DIRECTION('',(0.,-1.,0.));
#141=VECTOR('',#140,62.31310147);
#142=LINE('',#139,#141);
#143=EDGE_CURVE('',#130,#138,#142,.T.);
#144=ORIENTED_EDGE('',*,*,#143,.T.);
#145=CARTESIAN_POINT('',(-64.696786551,-36.011550735,36.559983519));
#146=DIRECTION('',(1.,0.,-0.));
#147=VECTOR('',#146,109.442568891);
#148=LINE('',#145,#147);
#149=EDGE_CURVE('',#138,#51,#148,.T.);
#150=ORIENTED_EDGE('',*,*,#149,.T.);
#151=ORIENTED_EDGE('',*,*,#56,.T.);
#152=CARTESIAN_POINT('',(42.24578234,-22.385,36.559983519));
#153=VERTEX_POINT('',#152);
#154=CARTESIAN_POINT('',(44.74578234,-22.385,36.559983519));
#155=DIRECTION('',(-1.,-0.,0.));
#156=VECTOR('',#155,2.5);
#157=LINE('',#154,#156);
#158=EDGE_CURVE('',#43,#153,#157,.T.);
#159=ORIENTED_EDGE('',*,*,#158,.T.);
#160=CARTESIAN_POINT('',(42.24578234,-34.011550735,36.559983519));
#161=VERTEX_POINT('',#160);
#162=CARTESIAN_POINT('',(42.24578234,-34.011550735,36.559983519));
#163=DIRECTION('',(-0.,1.,-0.));
#164=VECTOR('',#163,11.626550735);
#165=LINE('',#162,#164);
#166=EDGE_CURVE('',#161,#153,#165,.T.);
#167=ORIENTED_EDGE('',*,*,#166,.F.);
#168=CARTESIAN_POINT('',(-62.696786551,-34.011550735,36.559983519));
#169=VERTEX_POINT('',#168);
#170=CARTESIAN_POINT('',(-62.696786551,-34.011550735,36.559983519));
#171=DIRECTION('',(1.,0.,-0.));
#172=VECTOR('',#171,104.942568891);
#173=LINE('',#170,#172);
#174=EDGE_CURVE('',#169,#161,#173,.T.);
#175=ORIENTED_EDGE('',*,*,#174,.F.);
#176=CARTESIAN_POINT('',(-62.696786551,24.301550735,36.559983519));
#177=VERTEX_POINT('',#176);
#178=CARTESIAN_POINT('',(-62.696786551,24.301550735,36.559983519));
#179=DIRECTION('',(0.,-1.,0.));
#180=VECTOR('',#179,58.31310147);
#181=LINE('',#178,#180);
#182=EDGE_CURVE('',#177,#169,#181,.T.);
#183=ORIENTED_EDGE('',*,*,#182,.F.);
#184=CARTESIAN_POINT('',(42.24578234,24.301550735,36.559983519));
#185=DIRECTION('',(-1.,-0.,0.));
#186=VECTOR('',#185,104.942568891);
#187=LINE('',#184,#186);
#188=EDGE_CURVE('',#115,#177,#187,.T.);
#189=ORIENTED_EDGE('',*,*,#188,.F.);
#190=EDGE_LOOP('',(#121,#127,#128,#136,#144,#150,#151,#159,#167,#175,#183,#189));
#191=FACE_BOUND('',#190,.T.);
#192=ADVANCED_FACE('',(#191),#111,.T.);
#193=CARTESIAN_POINT('',(42.24578234,-4.855,55.569983519));
#194=DIRECTION('',(1.,0.,-0.));
#195=DIRECTION('',(-0.,0.,-1.));
#196=AXIS2_PLACEMENT_3D('',#193,#194,#195);
#197=PLANE('',#196);
#198=CARTESIAN_POINT('',(42.24578234,-9.665,33.559983519));
#199=VERTEX_POINT('',#198);
#200=CARTESIAN_POINT('',(42.24578234,-9.665,36.559983519));
#201=DIRECTION('',(-0.,-0.,-1.));
#202=VECTOR('',#201,3.);
#203=LINE('',#200,#202);
#204=EDGE_CURVE('',#113,#199,#203,.T.);
#205=ORIENTED_EDGE('',*,*,#204,.F.);
#206=ORIENTED_EDGE('',*,*,#120,.T.);
#207=CARTESIAN_POINT('',(42.24578234,24.301550735,29.919983519));
#208=VERTEX_POINT('',#207);
#209=CARTESIAN_POINT('',(42.24578234,24.301550735,36.559983519));
#210=DIRECTION('',(-0.,-0.,-1.));
#211=VECTOR('',#210,6.64);
#212=LINE('',#209,#211);
#213=EDGE_CURVE('',#115,#208,#212,.T.);
#214=ORIENTED_EDGE('',*,*,#213,.T.);
#215=CARTESIAN_POINT('',(42.24578234,-34.011550735,29.919983519));
#216=VERTEX_POINT('',#215);
#217=CARTESIAN_POINT('',(42.24578234,24.301550735,29.919983519));
#218=DIRECTION('',(0.,-1.,0.));
#219=VECTOR('',#218,58.31310147);
#220=LINE('',#217,#219);
#221=EDGE_CURVE('',#208,#216,#220,.T.);
#222=ORIENTED_EDGE('',*,*,#221,.T.);
#223=CARTESIAN_POINT('',(42.24578234,-34.011550735,29.919983519));
#224=DIRECTION('',(0.,-0.,1.));
#225=VECTOR('',#224,6.64);
#226=LINE('',#223,#225);
#227=EDGE_CURVE('',#216,#161,#226,.T.);
#228=ORIENTED_EDGE('',*,*,#227,.T.);
#229=ORIENTED_EDGE('',*,*,#166,.T.);
#230=CARTESIAN_POINT('',(42.24578234,-22.385,33.559983519));
#231=VERTEX_POINT('',#230);
#232=CARTESIAN_POINT('',(42.24578234,-22.385,33.559983519));
#233=DIRECTION('',(0.,0.,1.));
#234=VECTOR('',#233,3.);
#235=LINE('',#232,#234);
#236=EDGE_CURVE('',#231,#153,#235,.T.);
#237=ORIENTED_EDGE('',*,*,#236,.F.);
#238=CARTESIAN_POINT('',(42.24578234,-9.665,33.559983519));
#239=DIRECTION('',(0.,-1.,0.));
#240=VECTOR('',#239,12.72);
#241=LINE('',#238,#240);
#242=EDGE_CURVE('',#199,#231,#241,.T.);
#243=ORIENTED_EDGE('',*,*,#242,.F.);
#244=EDGE_LOOP('',(#205,#206,#214,#222,#228,#229,#237,#243));
#245=FACE_BOUND('',#244,.T.);
#246=ADVANCED_FACE('',(#245),#197,.F.);
#247=CARTESIAN_POINT('',(0.,0.,33.919983519));
#248=DIRECTION('',(-0.,-0.,-1.));
#249=DIRECTION('',(-0.,1.,-0.));
#250=AXIS2_PLACEMENT_3D('',#247,#248,#249);
#251=PLANE('',#250);
#252=CARTESIAN_POINT('',(26.109755201,19.455,33.919983519));
#253=VERTEX_POINT('',#252);
#254=CARTESIAN_POINT('',(24.933213449,20.631541752,33.919983519));
#255=VERTEX_POINT('',#254);
#256=CARTESIAN_POINT('',(24.933213449,19.455,33.919983519));
#257=DIRECTION('',(-0.,-0.,-1.));
#258=DIRECTION('',(-0.,1.,-0.));
#259=AXIS2_PLACEMENT_3D('',#256,#257,#258);
#260=CIRCLE('',#259,1.176541752);
#261=EDGE_CURVE('',#253,#255,#260,.T.);
#262=ORIENTED_EDGE('',*,*,#261,.F.);
#263=CARTESIAN_POINT('',(24.933213449,19.455,33.919983519));
#264=DIRECTION('',(-0.,-0.,-1.));
#265=DIRECTION('',(-0.,1.,-0.));
#266=AXIS2_PLACEMENT_3D('',#263,#264,#265);
#267=CIRCLE('',#266,1.176541752);
#268=EDGE_CURVE('',#255,#253,#267,.T.);
#269=ORIENTED_EDGE('',*,*,#268,.F.);
#270=EDGE_LOOP('',(#262,#269));
#271=FACE_BOUND('',#270,.T.);
#272=ADVANCED_FACE('',(#271),#251,.F.);
#273=CARTESIAN_POINT('',(24.933213449,19.455,24.919983519));
#274=DIRECTION('',(0.,0.,1.));
#275=DIRECTION('',(1.,0.,-0.));
#276=AXIS2_PLACEMENT_3D('',#273,#274,#275);
#277=CYLINDRICAL_SURFACE('',#276,1.176541752);
#278=CARTESIAN_POINT('',(26.109755201,19.455,31.919983519));
#279=VERTEX_POINT('',#278);
#280=CARTESIAN_POINT('',(26.109755201,19.455,33.919983519));
#281=DIRECTION('',(-0.,-0.,-1.));
#282=VECTOR('',#281,2.);
#283=LINE('',#280,#282);
#284=EDGE_CURVE('',#253,#279,#283,.T.);
#285=ORIENTED_EDGE('',*,*,#284,.T.);
#286=CARTESIAN_POINT('',(23.756671697,19.455,31.919983519));
#287=VERTEX_POINT('',#286);
#288=CARTESIAN_POINT('',(24.933213449,19.455,31.919983519));
#289=DIRECTION('',(0.,0.,1.));
#290=DIRECTION('',(-1.,0.,0.));
#291=AXIS2_PLACEMENT_3D('',#288,#289,#290);
#292=CIRCLE('',#291,1.176541752);
#293=EDGE_CURVE('',#279,#287,#292,.T.);
#294=ORIENTED_EDGE('',*,*,#293,.T.);
#295=CARTESIAN_POINT('',(24.933213449,19.455,31.919983519));
#296=DIRECTION('',(0.,0.,1.));
#297=DIRECTION('',(-1.,0.,0.));
#298=AXIS2_PLACEMENT_3D('',#295,#296,#297);
#299=CIRCLE('',#298,1.176541752);
#300=EDGE_CURVE('',#287,#279,#299,.T.);
#301=ORIENTED_EDGE('',*,*,#300,.T.);
#302=ORIENTED_EDGE('',*,*,#284,.F.);
#303=ORIENTED_EDGE('',*,*,#261,.T.);
#304=ORIENTED_EDGE('',*,*,#268,.T.);
#305=EDGE_LOOP('',(#285,#294,#301,#302,#303,#304));
#306=FACE_BOUND('',#305,.T.);
#307=ADVANCED_FACE('',(#306),#277,.T.);
#308=CARTESIAN_POINT('',(38.903213449,-31.345,33.559983519));
#309=DIRECTION('',(-0.,-0.,-1.));
#310=DIRECTION('',(-1.,-0.,0.));
#311=AXIS2_PLACEMENT_3D('',#308,#309,#310);
#312=PLANE('',#311);
#313=CARTESIAN_POINT('',(45.24578234,28.301550735,33.559983519));
#314=VERTEX_POINT('',#313);
#315=CARTESIAN_POINT('',(-64.696786551,28.301550735,33.559983519));
#316=VERTEX_POINT('',#315);
#317=CARTESIAN_POINT('',(45.24578234,28.301550735,33.559983519));
#318=DIRECTION('',(-1.,-0.,0.));
#319=VECTOR('',#318,109.942568891);
#320=LINE('',#317,#319);
#321=EDGE_CURVE('',#314,#316,#320,.T.);
#322=ORIENTED_EDGE('',*,*,#321,.T.);
#323=CARTESIAN_POINT('',(-66.696786551,26.301550735,33.559983519));
#324=VERTEX_POINT('',#323);
#325=CARTESIAN_POINT('',(-64.696786551,26.301550735,33.559983519));
#326=DIRECTION('',(0.,0.,1.));
#327=DIRECTION('',(-1.,0.,0.));
#328=AXIS2_PLACEMENT_3D('',#325,#326,#327);
#329=CIRCLE('',#328,2.);
#330=EDGE_CURVE('',#316,#324,#329,.T.);
#331=ORIENTED_EDGE('',*,*,#330,.T.);
#332=CARTESIAN_POINT('',(-66.696786551,-36.011550735,33.559983519));
#333=VERTEX_POINT('',#332);
#334=CARTESIAN_POINT('',(-66.696786551,-36.011550735,33.559983519));
#335=DIRECTION('',(-0.,1.,-0.));
#336=VECTOR('',#335,62.31310147);
#337=LINE('',#334,#336);
#338=EDGE_CURVE('',#333,#324,#337,.T.);
#339=ORIENTED_EDGE('',*,*,#338,.F.);
#340=CARTESIAN_POINT('',(-64.696786551,-38.011550735,33.559983519));
#341=VERTEX_POINT('',#340);
#342=CARTESIAN_POINT('',(-64.696786551,-36.011550735,33.559983519));
#343=DIRECTION('',(0.,0.,1.));
#344=DIRECTION('',(-1.,0.,0.));
#345=AXIS2_PLACEMENT_3D('',#342,#343,#344);
#346=CIRCLE('',#345,2.);
#347=EDGE_CURVE('',#333,#341,#346,.T.);
#348=ORIENTED_EDGE('',*,*,#347,.T.);
#349=CARTESIAN_POINT('',(45.24578234,-38.011550735,33.559983519));
#350=VERTEX_POINT('',#349);
#351=CARTESIAN_POINT('',(-64.696786551,-38.011550735,33.559983519));
#352=DIRECTION('',(1.,-0.,-0.));
#353=VECTOR('',#352,109.942568891);
#354=LINE('',#351,#353);
#355=EDGE_CURVE('',#341,#350,#354,.T.);
#356=ORIENTED_EDGE('',*,*,#355,.T.);
#357=CARTESIAN_POINT('',(47.24578234,-36.011550735,33.559983519));
#358=VERTEX_POINT('',#357);
#359=CARTESIAN_POINT('',(45.24578234,-36.011550735,33.559983519));
#360=DIRECTION('',(0.,0.,1.));
#361=DIRECTION('',(-1.,0.,0.));
#362=AXIS2_PLACEMENT_3D('',#359,#360,#361);
#363=CIRCLE('',#362,2.);
#364=EDGE_CURVE('',#350,#358,#363,.T.);
#365=ORIENTED_EDGE('',*,*,#364,.T.);
#366=CARTESIAN_POINT('',(47.24578234,26.301550735,33.559983519));
#367=VERTEX_POINT('',#366);
#368=CARTESIAN_POINT('',(47.24578234,26.301550735,33.559983519));
#369=DIRECTION('',(-0.,-1.,0.));
#370=VECTOR('',#369,62.31310147);
#371=LINE('',#368,#370);
#372=EDGE_CURVE('',#367,#358,#371,.T.);
#373=ORIENTED_EDGE('',*,*,#372,.F.);
#374=CARTESIAN_POINT('',(45.24578234,26.301550735,33.559983519));
#375=DIRECTION('',(0.,0.,1.));
#376=DIRECTION('',(-1.,0.,0.));
#377=AXIS2_PLACEMENT_3D('',#374,#375,#376);
#378=CIRCLE('',#377,2.);
#379=EDGE_CURVE('',#367,#314,#378,.T.);
#380=ORIENTED_EDGE('',*,*,#379,.T.);
#381=EDGE_LOOP('',(#322,#331,#339,#348,#356,#365,#373,#380));
#382=FACE_BOUND('',#381,.T.);
#383=CARTESIAN_POINT('',(-64.696786551,-36.011550735,33.559983519));
#384=VERTEX_POINT('',#383);
#385=CARTESIAN_POINT('',(-64.696786551,-36.011550735,33.559983519));
#386=DIRECTION('',(1.,0.,-0.));
#387=VECTOR('',#386,109.442568891);
#388=LINE('',#385,#387);
#389=EDGE_CURVE('',#384,#33,#388,.T.);
#390=ORIENTED_EDGE('',*,*,#389,.F.);
#391=CARTESIAN_POINT('',(-64.696786551,26.301550735,33.559983519));
#392=VERTEX_POINT('',#391);
#393=CARTESIAN_POINT('',(-64.696786551,26.301550735,33.559983519));
#394=DIRECTION('',(0.,-1.,0.));
#395=VECTOR('',#394,62.31310147);
#396=LINE('',#393,#395);
#397=EDGE_CURVE('',#392,#384,#396,.T.);
#398=ORIENTED_EDGE('',*,*,#397,.F.);
#399=CARTESIAN_POINT('',(44.84578234,26.301550735,33.559983519));
#400=DIRECTION('',(-1.,-0.,0.));
#401=VECTOR('',#400,109.542568891);
#402=LINE('',#399,#401);
#403=EDGE_CURVE('',#83,#392,#402,.T.);
#404=ORIENTED_EDGE('',*,*,#403,.F.);
#405=ORIENTED_EDGE('',*,*,#88,.F.);
#406=CARTESIAN_POINT('',(42.24578234,-9.665,33.559983519));
#407=DIRECTION('',(1.,0.,-0.));
#408=VECTOR('',#407,2.6);
#409=LINE('',#406,#408);
#410=EDGE_CURVE('',#199,#73,#409,.T.);
#411=ORIENTED_EDGE('',*,*,#410,.F.);
#412=ORIENTED_EDGE('',*,*,#242,.T.);
#413=CARTESIAN_POINT('',(42.24578234,-22.385,33.559983519));
#414=DIRECTION('',(1.,0.,-0.));
#415=VECTOR('',#414,2.5);
#416=LINE('',#413,#415);
#417=EDGE_CURVE('',#231,#35,#416,.T.);
#418=ORIENTED_EDGE('',*,*,#417,.T.);
#419=ORIENTED_EDGE('',*,*,#40,.F.);
#420=EDGE_LOOP('',(#390,#398,#404,#405,#411,#412,#418,#419));
#421=FACE_BOUND('',#420,.T.);
#422=ADVANCED_FACE('',(#382,#421),#312,.F.);
#423=CARTESIAN_POINT('',(-65.060768396,-38.011550735,51.586534016));
#424=DIRECTION('',(-0.,-1.,-0.));
#425=DIRECTION('',(0.,0.,-1.));
#426=AXIS2_PLACEMENT_3D('',#423,#424,#425);
#427=PLANE('',#426);
#428=CARTESIAN_POINT('',(-64.696786551,-38.011550735,28.919983519));
#429=VERTEX_POINT('',#428);
#430=CARTESIAN_POINT('',(45.24578234,-38.011550735,28.919983519));
#431=VERTEX_POINT('',#430);
#432=CARTESIAN_POINT('',(-64.696786551,-38.011550735,28.919983519));
#433=DIRECTION('',(1.,-0.,0.));
#434=VECTOR('',#433,109.942568891);
#435=LINE('',#432,#434);
#436=EDGE_CURVE('',#429,#431,#435,.T.);
#437=ORIENTED_EDGE('',*,*,#436,.T.);
#438=CARTESIAN_POINT('',(45.24578234,-38.011550735,28.919983519));
#439=DIRECTION('',(0.,-0.,1.));
#440=VECTOR('',#439,4.64);
#441=LINE('',#438,#440);
#442=EDGE_CURVE('',#431,#350,#441,.T.);
#443=ORIENTED_EDGE('',*,*,#442,.T.);
#444=ORIENTED_EDGE('',*,*,#355,.F.);
#445=CARTESIAN_POINT('',(-64.696786551,-38.011550735,33.559983519));
#446=DIRECTION('',(-0.,0.,-1.));
#447=VECTOR('',#446,4.64);
#448=LINE('',#445,#447);
#449=EDGE_CURVE('',#341,#429,#448,.T.);
#450=ORIENTED_EDGE('',*,*,#449,.T.);
#451=EDGE_LOOP('',(#437,#443,#444,#450));
#452=FACE_BOUND('',#451,.T.);
#453=ADVANCED_FACE('',(#452),#427,.T.);
#454=CARTESIAN_POINT('',(39.939231604,28.301550735,51.586534016));
#455=DIRECTION('',(-0.,1.,-0.));
#456=DIRECTION('',(0.,0.,1.));
#457=AXIS2_PLACEMENT_3D('',#454,#455,#456);
#458=PLANE('',#457);
#459=CARTESIAN_POINT('',(45.24578234,28.301550735,28.919983519));
#460=VERTEX_POINT('',#459);
#461=CARTESIAN_POINT('',(-64.696786551,28.301550735,28.919983519));
#462=VERTEX_POINT('',#461);
#463=CARTESIAN_POINT('',(45.24578234,28.301550735,28.919983519));
#464=DIRECTION('',(-1.,-0.,0.));
#465=VECTOR('',#464,109.942568891);
#466=LINE('',#463,#465);
#467=EDGE_CURVE('',#460,#462,#466,.T.);
#468=ORIENTED_EDGE('',*,*,#467,.T.);
#469=CARTESIAN_POINT('',(-64.696786551,28.301550735,28.919983519));
#470=DIRECTION('',(0.,0.,1.));
#471=VECTOR('',#470,4.64);
#472=LINE('',#469,#471);
#473=EDGE_CURVE('',#462,#316,#472,.T.);
#474=ORIENTED_EDGE('',*,*,#473,.T.);
#475=ORIENTED_EDGE('',*,*,#321,.F.);
#476=CARTESIAN_POINT('',(45.24578234,28.301550735,33.559983519));
#477=DIRECTION('',(-0.,-0.,-1.));
#478=VECTOR('',#477,4.64);
#479=LINE('',#476,#478);
#480=EDGE_CURVE('',#314,#460,#479,.T.);
#481=ORIENTED_EDGE('',*,*,#480,.T.);
#482=EDGE_LOOP('',(#468,#474,#475,#481));
#483=FACE_BOUND('',#482,.T.);
#484=ADVANCED_FACE('',(#483),#458,.T.);
#485=CARTESIAN_POINT('',(-44.764043763,-35.005,26.919983519));
#486=DIRECTION('',(0.,-0.,-1.));
#487=DIRECTION('',(0.,1.,-0.));
#488=AXIS2_PLACEMENT_3D('',#485,#486,#487);
#489=PLANE('',#488);
#490=CARTESIAN_POINT('',(45.24578234,-36.011550735,26.919983519));
#491=VERTEX_POINT('',#490);
#492=CARTESIAN_POINT('',(-64.696786551,-36.011550735,26.919983519));
#493=VERTEX_POINT('',#492);
#494=CARTESIAN_POINT('',(45.24578234,-36.011550735,26.919983519));
#495=DIRECTION('',(-1.,0.,-0.));
#496=VECTOR('',#495,109.942568891);
#497=LINE('',#494,#496);
#498=EDGE_CURVE('',#491,#493,#497,.T.);
#499=ORIENTED_EDGE('',*,*,#498,.T.);
#500=CARTESIAN_POINT('',(-64.696786551,26.301550735,26.919983519));
#501=VERTEX_POINT('',#500);
#502=CARTESIAN_POINT('',(-64.696786551,-36.011550735,26.919983519));
#503=DIRECTION('',(-0.,1.,-0.));
#504=VECTOR('',#503,62.31310147);
#505=LINE('',#502,#504);
#506=EDGE_CURVE('',#493,#501,#505,.T.);
#507=ORIENTED_EDGE('',*,*,#506,.T.);
#508=CARTESIAN_POINT('',(45.24578234,26.301550735,26.919983519));
#509=VERTEX_POINT('',#508);
#510=CARTESIAN_POINT('',(-64.696786551,26.301550735,26.919983519));
#511=DIRECTION('',(1.,0.,-0.));
#512=VECTOR('',#511,109.942568891);
#513=LINE('',#510,#512);
#514=EDGE_CURVE('',#501,#509,#513,.T.);
#515=ORIENTED_EDGE('',*,*,#514,.T.);
#516=CARTESIAN_POINT('',(45.24578234,26.301550735,26.919983519));
#517=DIRECTION('',(-0.,-1.,0.));
#518=VECTOR('',#517,62.31310147);
#519=LINE('',#516,#518);
#520=EDGE_CURVE('',#509,#491,#519,.T.);
#521=ORIENTED_EDGE('',*,*,#520,.T.);
#522=EDGE_LOOP('',(#499,#507,#515,#521));
#523=FACE_BOUND('',#522,.T.);
#524=ADVANCED_FACE('',(#523),#489,.T.);
#525=CARTESIAN_POINT('',(-66.696786551,-20.165768396,0.));
#526=DIRECTION('',(1.,0.,-0.));
#527=DIRECTION('',(-0.,1.,0.));
#528=AXIS2_PLACEMENT_3D('',#525,#526,#527);
#529=PLANE('',#528);
#530=ORIENTED_EDGE('',*,*,#338,.T.);
#531=CARTESIAN_POINT('',(-66.696786551,26.301550735,28.919983519));
#532=VERTEX_POINT('',#531);
#533=CARTESIAN_POINT('',(-66.696786551,26.301550735,33.559983519));
#534=DIRECTION('',(-0.,-0.,-1.));
#535=VECTOR('',#534,4.64);
#536=LINE('',#533,#535);
#537=EDGE_CURVE('',#324,#532,#536,.T.);
#538=ORIENTED_EDGE('',*,*,#537,.T.);
#539=CARTESIAN_POINT('',(-66.696786551,-36.011550735,28.919983519));
#540=VERTEX_POINT('',#539);
#541=CARTESIAN_POINT('',(-66.696786551,26.301550735,28.919983519));
#542=DIRECTION('',(0.,-1.,0.));
#543=VECTOR('',#542,62.31310147);
#544=LINE('',#541,#543);
#545=EDGE_CURVE('',#532,#540,#544,.T.);
#546=ORIENTED_EDGE('',*,*,#545,.T.);
#547=CARTESIAN_POINT('',(-66.696786551,-36.011550735,28.919983519));
#548=DIRECTION('',(0.,-0.,1.));
#549=VECTOR('',#548,4.64);
#550=LINE('',#547,#549);
#551=EDGE_CURVE('',#540,#333,#550,.T.);
#552=ORIENTED_EDGE('',*,*,#551,.T.);
#553=EDGE_LOOP('',(#530,#538,#546,#552));
#554=FACE_BOUND('',#553,.T.);
#555=ADVANCED_FACE('',(#554),#529,.F.);
#556=CARTESIAN_POINT('',(47.24578234,15.795,51.586534016));
#557=DIRECTION('',(-1.,0.,0.));
#558=DIRECTION('',(0.,0.,1.));
#559=AXIS2_PLACEMENT_3D('',#556,#557,#558);
#560=PLANE('',#559);
#561=CARTESIAN_POINT('',(47.24578234,-36.011550735,28.919983519));
#562=VERTEX_POINT('',#561);
#563=CARTESIAN_POINT('',(47.24578234,26.301550735,28.919983519));
#564=VERTEX_POINT('',#563);
#565=CARTESIAN_POINT('',(47.24578234,-36.011550735,28.919983519));
#566=DIRECTION('',(0.,1.,-0.));
#567=VECTOR('',#566,62.31310147);
#568=LINE('',#565,#567);
#569=EDGE_CURVE('',#562,#564,#568,.T.);
#570=ORIENTED_EDGE('',*,*,#569,.T.);
#571=CARTESIAN_POINT('',(47.24578234,26.301550735,28.919983519));
#572=DIRECTION('',(0.,0.,1.));
#573=VECTOR('',#572,4.64);
#574=LINE('',#571,#573);
#575=EDGE_CURVE('',#564,#367,#574,.T.);
#576=ORIENTED_EDGE('',*,*,#575,.T.);
#577=ORIENTED_EDGE('',*,*,#372,.T.);
#578=CARTESIAN_POINT('',(47.24578234,-36.011550735,33.559983519));
#579=DIRECTION('',(-0.,0.,-1.));
#580=VECTOR('',#579,4.64);
#581=LINE('',#578,#580);
#582=EDGE_CURVE('',#358,#562,#581,.T.);
#583=ORIENTED_EDGE('',*,*,#582,.T.);
#584=EDGE_LOOP('',(#570,#576,#577,#583));
#585=FACE_BOUND('',#584,.T.);
#586=ADVANCED_FACE('',(#585),#560,.F.);
#587=CARTESIAN_POINT('',(-10.725502106,-36.011550735,36.559983519));
#588=DIRECTION('',(-0.,1.,-0.));
#589=DIRECTION('',(-1.,-0.,0.));
#590=AXIS2_PLACEMENT_3D('',#587,#588,#589);
#591=PLANE('',#590);
#592=ORIENTED_EDGE('',*,*,#389,.T.);
#593=ORIENTED_EDGE('',*,*,#62,.F.);
#594=ORIENTED_EDGE('',*,*,#149,.F.);
#595=CARTESIAN_POINT('',(-64.696786551,-36.011550735,36.559983519));
#596=DIRECTION('',(-0.,-0.,-1.));
#597=VECTOR('',#596,3.);
#598=LINE('',#595,#597);
#599=EDGE_CURVE('',#138,#384,#598,.T.);
#600=ORIENTED_EDGE('',*,*,#599,.T.);
#601=EDGE_LOOP('',(#592,#593,#594,#600));
#602=FACE_BOUND('',#601,.T.);
#603=ADVANCED_FACE('',(#602),#591,.F.);
#604=CARTESIAN_POINT('',(-10.725502106,26.301550735,36.559983519));
#605=DIRECTION('',(0.,-1.,0.));
#606=DIRECTION('',(1.,0.,0.));
#607=AXIS2_PLACEMENT_3D('',#604,#605,#606);
#608=PLANE('',#607);
#609=ORIENTED_EDGE('',*,*,#403,.T.);
#610=CARTESIAN_POINT('',(-64.696786551,26.301550735,36.559983519));
#611=DIRECTION('',(-0.,-0.,-1.));
#612=VECTOR('',#611,3.);
#613=LINE('',#610,#612);
#614=EDGE_CURVE('',#130,#392,#613,.T.);
#615=ORIENTED_EDGE('',*,*,#614,.F.);
#616=ORIENTED_EDGE('',*,*,#135,.F.);
#617=ORIENTED_EDGE('',*,*,#96,.T.);
#618=EDGE_LOOP('',(#609,#615,#616,#617));
#619=FACE_BOUND('',#618,.T.);
#620=ADVANCED_FACE('',(#619),#608,.F.);
#621=CARTESIAN_POINT('',(-64.696786551,-4.855,36.559983519));
#622=DIRECTION('',(1.,0.,-0.));
#623=DIRECTION('',(-0.,0.,-1.));
#624=AXIS2_PLACEMENT_3D('',#621,#622,#623);
#625=PLANE('',#624);
#626=ORIENTED_EDGE('',*,*,#397,.T.);
#627=ORIENTED_EDGE('',*,*,#599,.F.);
#628=ORIENTED_EDGE('',*,*,#143,.F.);
#629=ORIENTED_EDGE('',*,*,#614,.T.);
#630=EDGE_LOOP('',(#626,#627,#628,#629));
#631=FACE_BOUND('',#630,.T.);
#632=ADVANCED_FACE('',(#631),#625,.F.);
#633=CARTESIAN_POINT('',(38.903213449,-31.345,29.919983519));
#634=DIRECTION('',(-0.,-0.,-1.));
#635=DIRECTION('',(-1.,-0.,0.));
#636=AXIS2_PLACEMENT_3D('',#633,#634,#635);
#637=PLANE('',#636);
#638=CARTESIAN_POINT('',(21.756671697,19.455,29.919983519));
#639=VERTEX_POINT('',#638);
#640=CARTESIAN_POINT('',(24.933213449,19.455,29.919983519));
#641=DIRECTION('',(-0.,-0.,-1.));
#642=DIRECTION('',(-1.,0.,0.));
#643=AXIS2_PLACEMENT_3D('',#640,#641,#642);
#644=CIRCLE('',#643,3.176541752);
#645=EDGE_CURVE('',#639,#639,#644,.T.);
#646=ORIENTED_EDGE('',*,*,#645,.T.);
#647=EDGE_LOOP('',(#646));
#648=FACE_BOUND('',#647,.T.);
#649=CARTESIAN_POINT('',(-54.475828677,-28.805,29.919983519));
#650=VERTEX_POINT('',#649);
#651=CARTESIAN_POINT('',(-51.266786551,-28.805,29.919983519));
#652=DIRECTION('',(-0.,-0.,-1.));
#653=DIRECTION('',(-1.,0.,0.));
#654=AXIS2_PLACEMENT_3D('',#651,#652,#653);
#655=CIRCLE('',#654,3.209042126);
#656=EDGE_CURVE('',#650,#650,#655,.T.);
#657=ORIENTED_EDGE('',*,*,#656,.T.);
#658=EDGE_LOOP('',(#657));
#659=FACE_BOUND('',#658,.T.);
#660=CARTESIAN_POINT('',(20.529680282,-28.805,29.919983519));
#661=VERTEX_POINT('',#660);
#662=CARTESIAN_POINT('',(23.663213449,-28.805,29.919983519));
#663=DIRECTION('',(-0.,-0.,-1.));
#664=DIRECTION('',(-1.,0.,0.));
#665=AXIS2_PLACEMENT_3D('',#662,#663,#664);
#666=CIRCLE('',#665,3.133533167);
#667=EDGE_CURVE('',#661,#661,#666,.T.);
#668=ORIENTED_EDGE('',*,*,#667,.T.);
#669=EDGE_LOOP('',(#668));
#670=FACE_BOUND('',#669,.T.);
#671=CARTESIAN_POINT('',(-30.268767521,14.375,29.919983519));
#672=VERTEX_POINT('',#671);
#673=CARTESIAN_POINT('',(-27.136786551,14.375,29.919983519));
#674=DIRECTION('',(-0.,-0.,-1.));
#675=DIRECTION('',(-1.,0.,0.));
#676=AXIS2_PLACEMENT_3D('',#673,#674,#675);
#677=CIRCLE('',#676,3.13198097);
#678=EDGE_CURVE('',#672,#672,#677,.T.);
#679=ORIENTED_EDGE('',*,*,#678,.T.);
#680=EDGE_LOOP('',(#679));
#681=FACE_BOUND('',#680,.T.);
#682=CARTESIAN_POINT('',(-30.210915625,-13.565,29.919983519));
#683=VERTEX_POINT('',#682);
#684=CARTESIAN_POINT('',(-27.136786551,-13.565,29.919983519));
#685=DIRECTION('',(-0.,-0.,-1.));
#686=DIRECTION('',(-1.,0.,0.));
#687=AXIS2_PLACEMENT_3D('',#684,#685,#686);
#688=CIRCLE('',#687,3.074129074);
#689=EDGE_CURVE('',#683,#683,#688,.T.);
#690=ORIENTED_EDGE('',*,*,#689,.T.);
#691=EDGE_LOOP('',(#690));
#692=FACE_BOUND('',#691,.T.);
#693=CARTESIAN_POINT('',(-60.832958341,19.455,29.919983519));
#694=VERTEX_POINT('',#693);
#695=CARTESIAN_POINT('',(-57.616786551,19.455,29.919983519));
#696=DIRECTION('',(-0.,-0.,-1.));
#697=DIRECTION('',(-1.,0.,0.));
#698=AXIS2_PLACEMENT_3D('',#695,#696,#697);
#699=CIRCLE('',#698,3.216171789);
#700=EDGE_CURVE('',#694,#694,#699,.T.);
#701=ORIENTED_EDGE('',*,*,#700,.T.);
#702=EDGE_LOOP('',(#701));
#703=FACE_BOUND('',#702,.T.);
#704=CARTESIAN_POINT('',(-16.842422679,-23.590002209,29.919983519));
#705=VERTEX_POINT('',#704);
#706=CARTESIAN_POINT('',(-16.842422679,13.409997791,29.919983519));
#707=VERTEX_POINT('',#706);
#708=CARTESIAN_POINT('',(-16.842422679,-23.590002209,29.919983519));
#709=DIRECTION('',(-0.,1.,-0.));
#710=VECTOR('',#709,37.);
#711=LINE('',#708,#710);
#712=EDGE_CURVE('',#705,#707,#711,.T.);
#713=ORIENTED_EDGE('',*,*,#712,.T.);
#714=CARTESIAN_POINT('',(-14.842422679,13.409997791,29.919983519));
#715=VERTEX_POINT('',#714);
#716=CARTESIAN_POINT('',(-16.842422679,13.409997791,29.919983519));
#717=DIRECTION('',(1.,-0.,-0.));
#718=VECTOR('',#717,2.);
#719=LINE('',#716,#718);
#720=EDGE_CURVE('',#707,#715,#719,.T.);
#721=ORIENTED_EDGE('',*,*,#720,.T.);
#722=CARTESIAN_POINT('',(-14.842422679,-23.590002209,29.919983519));
#723=VERTEX_POINT('',#722);
#724=CARTESIAN_POINT('',(-14.842422679,13.409997791,29.919983519));
#725=DIRECTION('',(0.,-1.,0.));
#726=VECTOR('',#725,37.);
#727=LINE('',#724,#726);
#728=EDGE_CURVE('',#715,#723,#727,.T.);
#729=ORIENTED_EDGE('',*,*,#728,.T.);
#730=CARTESIAN_POINT('',(-14.842422679,-23.590002209,29.919983519));
#731=DIRECTION('',(-1.,0.,0.));
#732=VECTOR('',#731,2.);
#733=LINE('',#730,#732);
#734=EDGE_CURVE('',#723,#705,#733,.T.);
#735=ORIENTED_EDGE('',*,*,#734,.T.);
#736=EDGE_LOOP('',(#713,#721,#729,#735));
#737=FACE_BOUND('',#736,.T.);
#738=CARTESIAN_POINT('',(4.817522459,-23.429559544,29.919983519));
#739=VERTEX_POINT('',#738);
#740=CARTESIAN_POINT('',(4.817522459,13.570440456,29.919983519));
#741=VERTEX_POINT('',#740);
#742=CARTESIAN_POINT('',(4.817522459,-23.429559544,29.919983519));
#743=DIRECTION('',(-0.,1.,-0.));
#744=VECTOR('',#743,37.);
#745=LINE('',#742,#744);
#746=EDGE_CURVE('',#739,#741,#745,.T.);
#747=ORIENTED_EDGE('',*,*,#746,.T.);
#748=CARTESIAN_POINT('',(6.817522459,13.570440456,29.919983519));
#749=VERTEX_POINT('',#748);
#750=CARTESIAN_POINT('',(4.817522459,13.570440456,29.919983519));
#751=DIRECTION('',(1.,-0.,-0.));
#752=VECTOR('',#751,2.);
#753=LINE('',#750,#752);
#754=EDGE_CURVE('',#741,#749,#753,.T.);
#755=ORIENTED_EDGE('',*,*,#754,.T.);
#756=CARTESIAN_POINT('',(6.817522459,-23.429559544,29.919983519));
#757=VERTEX_POINT('',#756);
#758=CARTESIAN_POINT('',(6.817522459,13.570440456,29.919983519));
#759=DIRECTION('',(0.,-1.,0.));
#760=VECTOR('',#759,37.);
#761=LINE('',#758,#760);
#762=EDGE_CURVE('',#749,#757,#761,.T.);
#763=ORIENTED_EDGE('',*,*,#762,.T.);
#764=CARTESIAN_POINT('',(6.817522459,-23.429559544,29.919983519));
#765=DIRECTION('',(-1.,0.,0.));
#766=VECTOR('',#765,2.);
#767=LINE('',#764,#766);
#768=EDGE_CURVE('',#757,#739,#767,.T.);
#769=ORIENTED_EDGE('',*,*,#768,.T.);
#770=EDGE_LOOP('',(#747,#755,#763,#769));
#771=FACE_BOUND('',#770,.T.);
#772=CARTESIAN_POINT('',(28.203391194,-2.81840004,29.919983519));
#773=VERTEX_POINT('',#772);
#774=CARTESIAN_POINT('',(28.203391194,1.18159996,29.919983519));
#775=VERTEX_POINT('',#774);
#776=CARTESIAN_POINT('',(28.203391194,-2.81840004,29.919983519));
#777=DIRECTION('',(-0.,1.,-0.));
#778=VECTOR('',#777,4.);
#779=LINE('',#776,#778);
#780=EDGE_CURVE('',#773,#775,#779,.T.);
#781=ORIENTED_EDGE('',*,*,#780,.T.);
#782=CARTESIAN_POINT('',(32.203391194,1.18159996,29.919983519));
#783=VERTEX_POINT('',#782);
#784=CARTESIAN_POINT('',(28.203391194,1.18159996,29.919983519));
#785=DIRECTION('',(1.,0.,-0.));
#786=VECTOR('',#785,4.);
#787=LINE('',#784,#786);
#788=EDGE_CURVE('',#775,#783,#787,.T.);
#789=ORIENTED_EDGE('',*,*,#788,.T.);
#790=CARTESIAN_POINT('',(32.203391194,-2.81840004,29.919983519));
#791=VERTEX_POINT('',#790);
#792=CARTESIAN_POINT('',(32.203391194,1.18159996,29.919983519));
#793=DIRECTION('',(0.,-1.,0.));
#794=VECTOR('',#793,4.);
#795=LINE('',#792,#794);
#796=EDGE_CURVE('',#783,#791,#795,.T.);
#797=ORIENTED_EDGE('',*,*,#796,.T.);
#798=CARTESIAN_POINT('',(32.203391194,-2.81840004,29.919983519));
#799=DIRECTION('',(-1.,-0.,0.));
#800=VECTOR('',#799,4.);
#801=LINE('',#798,#800);
#802=EDGE_CURVE('',#791,#773,#801,.T.);
#803=ORIENTED_EDGE('',*,*,#802,.T.);
#804=EDGE_LOOP('',(#781,#789,#797,#803));
#805=FACE_BOUND('',#804,.T.);
#806=CARTESIAN_POINT('',(-46.,-25.,29.919983519));
#807=VERTEX_POINT('',#806);
#808=CARTESIAN_POINT('',(-46.,16.,29.919983519));
#809=VERTEX_POINT('',#808);
#810=CARTESIAN_POINT('',(-46.,-25.,29.919983519));
#811=DIRECTION('',(-0.,1.,-0.));
#812=VECTOR('',#811,41.);
#813=LINE('',#810,#812);
#814=EDGE_CURVE('',#807,#809,#813,.T.);
#815=ORIENTED_EDGE('',*,*,#814,.T.);
#816=CARTESIAN_POINT('',(-43.,16.,29.919983519));
#817=VERTEX_POINT('',#816);
#818=CARTESIAN_POINT('',(-46.,16.,29.919983519));
#819=DIRECTION('',(1.,-0.,-0.));
#820=VECTOR('',#819,3.);
#821=LINE('',#818,#820);
#822=EDGE_CURVE('',#809,#817,#821,.T.);
#823=ORIENTED_EDGE('',*,*,#822,.T.);
#824=CARTESIAN_POINT('',(-43.,-25.,29.919983519));
#825=VERTEX_POINT('',#824);
#826=CARTESIAN_POINT('',(-43.,16.,29.919983519));
#827=DIRECTION('',(0.,-1.,0.));
#828=VECTOR('',#827,41.);
#829=LINE('',#826,#828);
#830=EDGE_CURVE('',#817,#825,#829,.T.);
#831=ORIENTED_EDGE('',*,*,#830,.T.);
#832=CARTESIAN_POINT('',(-43.,-25.,29.919983519));
#833=DIRECTION('',(-1.,0.,0.));
#834=VECTOR('',#833,3.);
#835=LINE('',#832,#834);
#836=EDGE_CURVE('',#825,#807,#835,.T.);
#837=ORIENTED_EDGE('',*,*,#836,.T.);
#838=EDGE_LOOP('',(#815,#823,#831,#837));
#839=FACE_BOUND('',#838,.T.);
#840=ORIENTED_EDGE('',*,*,#221,.F.);
#841=CARTESIAN_POINT('',(-62.696786551,24.301550735,29.919983519));
#842=VERTEX_POINT('',#841);
#843=CARTESIAN_POINT('',(42.24578234,24.301550735,29.919983519));
#844=DIRECTION('',(-1.,-0.,0.));
#845=VECTOR('',#844,104.942568891);
#846=LINE('',#843,#845);
#847=EDGE_CURVE('',#208,#842,#846,.T.);
#848=ORIENTED_EDGE('',*,*,#847,.T.);
#849=CARTESIAN_POINT('',(-62.696786551,-34.011550735,29.919983519));
#850=VERTEX_POINT('',#849);
#851=CARTESIAN_POINT('',(-62.696786551,24.301550735,29.919983519));
#852=DIRECTION('',(0.,-1.,0.));
#853=VECTOR('',#852,58.31310147);
#854=LINE('',#851,#853);
#855=EDGE_CURVE('',#842,#850,#854,.T.);
#856=ORIENTED_EDGE('',*,*,#855,.T.);
#857=CARTESIAN_POINT('',(-62.696786551,-34.011550735,29.919983519));
#858=DIRECTION('',(1.,-0.,-0.));
#859=VECTOR('',#858,104.942568891);
#860=LINE('',#857,#859);
#861=EDGE_CURVE('',#850,#216,#860,.T.);
#862=ORIENTED_EDGE('',*,*,#861,.T.);
#863=EDGE_LOOP('',(#840,#848,#856,#862));
#864=FACE_BOUND('',#863,.T.);
#865=ADVANCED_FACE('',(#648,#659,#670,#681,#692,#703,#737,#771,#805,#839,#864),#637,.F.);
#866=CARTESIAN_POINT('',(-62.696786551,16.915,31.919983519));
#867=DIRECTION('',(-1.,-0.,0.));
#868=DIRECTION('',(0.,-1.,0.));
#869=AXIS2_PLACEMENT_3D('',#866,#867,#868);
#870=PLANE('',#869);
#871=CARTESIAN_POINT('',(-62.696786551,24.301550735,29.919983519));
#872=DIRECTION('',(0.,0.,1.));
#873=VECTOR('',#872,6.64);
#874=LINE('',#871,#873);
#875=EDGE_CURVE('',#842,#177,#874,.T.);
#876=ORIENTED_EDGE('',*,*,#875,.T.);
#877=ORIENTED_EDGE('',*,*,#182,.T.);
#878=CARTESIAN_POINT('',(-62.696786551,-34.011550735,36.559983519));
#879=DIRECTION('',(-0.,0.,-1.));
#880=VECTOR('',#879,6.64);
#881=LINE('',#878,#880);
#882=EDGE_CURVE('',#169,#850,#881,.T.);
#883=ORIENTED_EDGE('',*,*,#882,.T.);
#884=ORIENTED_EDGE('',*,*,#855,.F.);
#885=EDGE_LOOP('',(#876,#877,#883,#884));
#886=FACE_BOUND('',#885,.T.);
#887=ADVANCED_FACE('',(#886),#870,.F.);
#888=CARTESIAN_POINT('',(-65.060768396,-34.011550735,40.187169173));
#889=DIRECTION('',(-0.,-1.,0.));
#890=DIRECTION('',(1.,-0.,0.));
#891=AXIS2_PLACEMENT_3D('',#888,#889,#890);
#892=PLANE('',#891);
#893=ORIENTED_EDGE('',*,*,#882,.F.);
#894=ORIENTED_EDGE('',*,*,#174,.T.);
#895=ORIENTED_EDGE('',*,*,#227,.F.);
#896=ORIENTED_EDGE('',*,*,#861,.F.);
#897=EDGE_LOOP('',(#893,#894,#895,#896));
#898=FACE_BOUND('',#897,.T.);
#899=ADVANCED_FACE('',(#898),#892,.F.);
#900=CARTESIAN_POINT('',(39.939231604,24.301550735,40.187169173));
#901=DIRECTION('',(-0.,1.,0.));
#902=DIRECTION('',(-1.,-0.,0.));
#903=AXIS2_PLACEMENT_3D('',#900,#901,#902);
#904=PLANE('',#903);
#905=ORIENTED_EDGE('',*,*,#213,.F.);
#906=ORIENTED_EDGE('',*,*,#188,.T.);
#907=ORIENTED_EDGE('',*,*,#875,.F.);
#908=ORIENTED_EDGE('',*,*,#847,.F.);
#909=EDGE_LOOP('',(#905,#906,#907,#908));
#910=FACE_BOUND('',#909,.T.);
#911=ADVANCED_FACE('',(#910),#904,.F.);
#912=CARTESIAN_POINT('',(0.,0.,33.919983519));
#913=DIRECTION('',(-0.,-0.,-1.));
#914=DIRECTION('',(-0.,1.,-0.));
#915=AXIS2_PLACEMENT_3D('',#912,#913,#914);
#916=PLANE('',#915);
#917=CARTESIAN_POINT('',(-26.004805582,14.375,33.919983519));
#918=VERTEX_POINT('',#917);
#919=CARTESIAN_POINT('',(-27.136786551,15.50698097,33.919983519));
#920=VERTEX_POINT('',#919);
#921=CARTESIAN_POINT('',(-27.136786551,14.375,33.919983519));
#922=DIRECTION('',(-0.,-0.,-1.));
#923=DIRECTION('',(-0.,1.,-0.));
#924=AXIS2_PLACEMENT_3D('',#921,#922,#923);
#925=CIRCLE('',#924,1.13198097);
#926=EDGE_CURVE('',#918,#920,#925,.T.);
#927=ORIENTED_EDGE('',*,*,#926,.F.);
#928=CARTESIAN_POINT('',(-27.136786551,14.375,33.919983519));
#929=DIRECTION('',(-0.,-0.,-1.));
#930=DIRECTION('',(-0.,1.,-0.));
#931=AXIS2_PLACEMENT_3D('',#928,#929,#930);
#932=CIRCLE('',#931,1.13198097);
#933=EDGE_CURVE('',#920,#918,#932,.T.);
#934=ORIENTED_EDGE('',*,*,#933,.F.);
#935=EDGE_LOOP('',(#927,#934));
#936=FACE_BOUND('',#935,.T.);
#937=ADVANCED_FACE('',(#936),#916,.F.);
#938=CARTESIAN_POINT('',(-27.136786551,14.375,24.919983519));
#939=DIRECTION('',(0.,0.,1.));
#940=DIRECTION('',(1.,0.,-0.));
#941=AXIS2_PLACEMENT_3D('',#938,#939,#940);
#942=CYLINDRICAL_SURFACE('',#941,1.13198097);
#943=CARTESIAN_POINT('',(-26.004805582,14.375,31.919983519));
#944=VERTEX_POINT('',#943);
#945=CARTESIAN_POINT('',(-26.004805582,14.375,33.919983519));
#946=DIRECTION('',(-0.,-0.,-1.));
#947=VECTOR('',#946,2.);
#948=LINE('',#945,#947);
#949=EDGE_CURVE('',#918,#944,#948,.T.);
#950=ORIENTED_EDGE('',*,*,#949,.T.);
#951=CARTESIAN_POINT('',(-28.268767521,14.375,31.919983519));
#952=VERTEX_POINT('',#951);
#953=CARTESIAN_POINT('',(-27.136786551,14.375,31.919983519));
#954=DIRECTION('',(0.,0.,1.));
#955=DIRECTION('',(-1.,0.,0.));
#956=AXIS2_PLACEMENT_3D('',#953,#954,#955);
#957=CIRCLE('',#956,1.13198097);
#958=EDGE_CURVE('',#944,#952,#957,.T.);
#959=ORIENTED_EDGE('',*,*,#958,.T.);
#960=CARTESIAN_POINT('',(-27.136786551,14.375,31.919983519));
#961=DIRECTION('',(0.,0.,1.));
#962=DIRECTION('',(-1.,0.,0.));
#963=AXIS2_PLACEMENT_3D('',#960,#961,#962);
#964=CIRCLE('',#963,1.13198097);
#965=EDGE_CURVE('',#952,#944,#964,.T.);
#966=ORIENTED_EDGE('',*,*,#965,.T.);
#967=ORIENTED_EDGE('',*,*,#949,.F.);
#968=ORIENTED_EDGE('',*,*,#926,.T.);
#969=ORIENTED_EDGE('',*,*,#933,.T.);
#970=EDGE_LOOP('',(#950,#959,#966,#967,#968,#969));
#971=FACE_BOUND('',#970,.T.);
#972=ADVANCED_FACE('',(#971),#942,.T.);
#973=CARTESIAN_POINT('',(-44.5,16.,22.919983519));
#974=DIRECTION('',(0.,1.,-0.));
#975=DIRECTION('',(0.,0.,1.));
#976=AXIS2_PLACEMENT_3D('',#973,#974,#975);
#977=PLANE('',#976);
#978=ORIENTED_EDGE('',*,*,#822,.F.);
#979=CARTESIAN_POINT('',(-46.,16.,31.919983519));
#980=VERTEX_POINT('',#979);
#981=CARTESIAN_POINT('',(-46.,16.,29.919983519));
#982=DIRECTION('',(0.,0.,1.));
#983=VECTOR('',#982,2.);
#984=LINE('',#981,#983);
#985=EDGE_CURVE('',#809,#980,#984,.T.);
#986=ORIENTED_EDGE('',*,*,#985,.T.);
#987=CARTESIAN_POINT('',(-43.,16.,31.919983519));
#988=VERTEX_POINT('',#987);
#989=CARTESIAN_POINT('',(-43.,16.,31.919983519));
#990=DIRECTION('',(-1.,0.,0.));
#991=VECTOR('',#990,3.);
#992=LINE('',#989,#991);
#993=EDGE_CURVE('',#988,#980,#992,.T.);
#994=ORIENTED_EDGE('',*,*,#993,.F.);
#995=CARTESIAN_POINT('',(-43.,16.,29.919983519));
#996=DIRECTION('',(0.,0.,1.));
#997=VECTOR('',#996,2.);
#998=LINE('',#995,#997);
#999=EDGE_CURVE('',#817,#988,#998,.T.);
#1000=ORIENTED_EDGE('',*,*,#999,.F.);
#1001=EDGE_LOOP('',(#978,#986,#994,#1000));
#1002=FACE_BOUND('',#1001,.T.);
#1003=ADVANCED_FACE('',(#1002),#977,.T.);
#1004=CARTESIAN_POINT('',(-43.,-4.5,22.919983519));
#1005=DIRECTION('',(1.,0.,-0.));
#1006=DIRECTION('',(-0.,0.,-1.));
#1007=AXIS2_PLACEMENT_3D('',#1004,#1005,#1006);
#1008=PLANE('',#1007);
#1009=ORIENTED_EDGE('',*,*,#830,.F.);
#1010=ORIENTED_EDGE('',*,*,#999,.T.);
#1011=CARTESIAN_POINT('',(-43.,-25.,31.919983519));
#1012=VERTEX_POINT('',#1011);
#1013=CARTESIAN_POINT('',(-43.,-25.,31.919983519));
#1014=DIRECTION('',(-0.,1.,-0.));
#1015=VECTOR('',#1014,41.);
#1016=LINE('',#1013,#1015);
#1017=EDGE_CURVE('',#1012,#988,#1016,.T.);
#1018=ORIENTED_EDGE('',*,*,#1017,.F.);
#1019=CARTESIAN_POINT('',(-43.,-25.,29.919983519));
#1020=DIRECTION('',(0.,0.,1.));
#1021=VECTOR('',#1020,2.);
#1022=LINE('',#1019,#1021);
#1023=EDGE_CURVE('',#825,#1012,#1022,.T.);
#1024=ORIENTED_EDGE('',*,*,#1023,.F.);
#1025=EDGE_LOOP('',(#1009,#1010,#1018,#1024));
#1026=FACE_BOUND('',#1025,.T.);
#1027=ADVANCED_FACE('',(#1026),#1008,.T.);
#1028=CARTESIAN_POINT('',(-44.5,-25.,22.919983519));
#1029=DIRECTION('',(0.,-1.,0.));
#1030=DIRECTION('',(0.,-0.,-1.));
#1031=AXIS2_PLACEMENT_3D('',#1028,#1029,#1030);
#1032=PLANE('',#1031);
#1033=ORIENTED_EDGE('',*,*,#836,.F.);
#1034=ORIENTED_EDGE('',*,*,#1023,.T.);
#1035=CARTESIAN_POINT('',(-46.,-25.,31.919983519));
#1036=VERTEX_POINT('',#1035);
#1037=CARTESIAN_POINT('',(-46.,-25.,31.919983519));
#1038=DIRECTION('',(1.,-0.,-0.));
#1039=VECTOR('',#1038,3.);
#1040=LINE('',#1037,#1039);
#1041=EDGE_CURVE('',#1036,#1012,#1040,.T.);
#1042=ORIENTED_EDGE('',*,*,#1041,.F.);
#1043=CARTESIAN_POINT('',(-46.,-25.,29.919983519));
#1044=DIRECTION('',(0.,0.,1.));
#1045=VECTOR('',#1044,2.);
#1046=LINE('',#1043,#1045);
#1047=EDGE_CURVE('',#807,#1036,#1046,.T.);
#1048=ORIENTED_EDGE('',*,*,#1047,.F.);
#1049=EDGE_LOOP('',(#1033,#1034,#1042,#1048));
#1050=FACE_BOUND('',#1049,.T.);
#1051=ADVANCED_FACE('',(#1050),#1032,.T.);
#1052=CARTESIAN_POINT('',(-46.,-4.5,22.919983519));
#1053=DIRECTION('',(-1.,0.,0.));
#1054=DIRECTION('',(0.,0.,1.));
#1055=AXIS2_PLACEMENT_3D('',#1052,#1053,#1054);
#1056=PLANE('',#1055);
#1057=ORIENTED_EDGE('',*,*,#814,.F.);
#1058=ORIENTED_EDGE('',*,*,#1047,.T.);
#1059=CARTESIAN_POINT('',(-46.,16.,31.919983519));
#1060=DIRECTION('',(0.,-1.,0.));
#1061=VECTOR('',#1060,41.);
#1062=LINE('',#1059,#1061);
#1063=EDGE_CURVE('',#980,#1036,#1062,.T.);
#1064=ORIENTED_EDGE('',*,*,#1063,.F.);
#1065=ORIENTED_EDGE('',*,*,#985,.F.);
#1066=EDGE_LOOP('',(#1057,#1058,#1064,#1065));
#1067=FACE_BOUND('',#1066,.T.);
#1068=ADVANCED_FACE('',(#1067),#1056,.T.);
#1069=CARTESIAN_POINT('',(0.,0.,31.919983519));
#1070=DIRECTION('',(-0.,-0.,-1.));
#1071=DIRECTION('',(-0.,1.,-0.));
#1072=AXIS2_PLACEMENT_3D('',#1069,#1070,#1071);
#1073=PLANE('',#1072);
#1074=ORIENTED_EDGE('',*,*,#993,.T.);
#1075=ORIENTED_EDGE('',*,*,#1063,.T.);
#1076=ORIENTED_EDGE('',*,*,#1041,.T.);
#1077=ORIENTED_EDGE('',*,*,#1017,.T.);
#1078=EDGE_LOOP('',(#1074,#1075,#1076,#1077));
#1079=FACE_BOUND('',#1078,.T.);
#1080=ADVANCED_FACE('',(#1079),#1073,.F.);
#1081=CARTESIAN_POINT('',(0.,0.,33.919983519));
#1082=DIRECTION('',(-0.,-0.,-1.));
#1083=DIRECTION('',(-0.,1.,-0.));
#1084=AXIS2_PLACEMENT_3D('',#1081,#1082,#1083);
#1085=PLANE('',#1084);
#1086=CARTESIAN_POINT('',(-50.057744425,-28.805,33.919983519));
#1087=VERTEX_POINT('',#1086);
#1088=CARTESIAN_POINT('',(-51.266786551,-27.595957874,33.919983519));
#1089=VERTEX_POINT('',#1088);
#1090=CARTESIAN_POINT('',(-51.266786551,-28.805,33.919983519));
#1091=DIRECTION('',(-0.,-0.,-1.));
#1092=DIRECTION('',(-0.,1.,-0.));
#1093=AXIS2_PLACEMENT_3D('',#1090,#1091,#1092);
#1094=CIRCLE('',#1093,1.209042126);
#1095=EDGE_CURVE('',#1087,#1089,#1094,.T.);
#1096=ORIENTED_EDGE('',*,*,#1095,.F.);
#1097=CARTESIAN_POINT('',(-51.266786551,-28.805,33.919983519));
#1098=DIRECTION('',(-0.,-0.,-1.));
#1099=DIRECTION('',(-0.,1.,-0.));
#1100=AXIS2_PLACEMENT_3D('',#1097,#1098,#1099);
#1101=CIRCLE('',#1100,1.209042126);
#1102=EDGE_CURVE('',#1089,#1087,#1101,.T.);
#1103=ORIENTED_EDGE('',*,*,#1102,.F.);
#1104=EDGE_LOOP('',(#1096,#1103));
#1105=FACE_BOUND('',#1104,.T.);
#1106=ADVANCED_FACE('',(#1105),#1085,.F.);
#1107=CARTESIAN_POINT('',(-51.266786551,-28.805,24.919983519));
#1108=DIRECTION('',(0.,0.,1.));
#1109=DIRECTION('',(1.,0.,-0.));
#1110=AXIS2_PLACEMENT_3D('',#1107,#1108,#1109);
#1111=CYLINDRICAL_SURFACE('',#1110,1.209042126);
#1112=CARTESIAN_POINT('',(-50.057744425,-28.805,31.919983519));
#1113=VERTEX_POINT('',#1112);
#1114=CARTESIAN_POINT('',(-50.057744425,-28.805,33.919983519));
#1115=DIRECTION('',(-0.,-0.,-1.));
#1116=VECTOR('',#1115,2.);
#1117=LINE('',#1114,#1116);
#1118=EDGE_CURVE('',#1087,#1113,#1117,.T.);
#1119=ORIENTED_EDGE('',*,*,#1118,.T.);
#1120=CARTESIAN_POINT('',(-52.475828677,-28.805,31.919983519));
#1121=VERTEX_POINT('',#1120);
#1122=CARTESIAN_POINT('',(-51.266786551,-28.805,31.919983519));
#1123=DIRECTION('',(0.,0.,1.));
#1124=DIRECTION('',(-1.,0.,0.));
#1125=AXIS2_PLACEMENT_3D('',#1122,#1123,#1124);
#1126=CIRCLE('',#1125,1.209042126);
#1127=EDGE_CURVE('',#1113,#1121,#1126,.T.);
#1128=ORIENTED_EDGE('',*,*,#1127,.T.);
#1129=CARTESIAN_POINT('',(-51.266786551,-28.805,31.919983519));
#1130=DIRECTION('',(0.,0.,1.));
#1131=DIRECTION('',(-1.,0.,0.));
#1132=AXIS2_PLACEMENT_3D('',#1129,#1130,#1131);
#1133=CIRCLE('',#1132,1.209042126);
#1134=EDGE_CURVE('',#1121,#1113,#1133,.T.);
#1135=ORIENTED_EDGE('',*,*,#1134,.T.);
#1136=ORIENTED_EDGE('',*,*,#1118,.F.);
#1137=ORIENTED_EDGE('',*,*,#1095,.T.);
#1138=ORIENTED_EDGE('',*,*,#1102,.T.);
#1139=EDGE_LOOP('',(#1119,#1128,#1135,#1136,#1137,#1138));
#1140=FACE_BOUND('',#1139,.T.);
#1141=ADVANCED_FACE('',(#1140),#1111,.T.);
#1142=CARTESIAN_POINT('',(0.,0.,33.919983519));
#1143=DIRECTION('',(-0.,-0.,-1.));
#1144=DIRECTION('',(-0.,1.,-0.));
#1145=AXIS2_PLACEMENT_3D('',#1142,#1143,#1144);
#1146=PLANE('',#1145);
#1147=CARTESIAN_POINT('',(-56.400614762,19.455,33.919983519));
#1148=VERTEX_POINT('',#1147);
#1149=CARTESIAN_POINT('',(-57.616786551,20.671171789,33.919983519));
#1150=VERTEX_POINT('',#1149);
#1151=CARTESIAN_POINT('',(-57.616786551,19.455,33.919983519));
#1152=DIRECTION('',(-0.,-0.,-1.));
#1153=DIRECTION('',(-0.,1.,-0.));
#1154=AXIS2_PLACEMENT_3D('',#1151,#1152,#1153);
#1155=CIRCLE('',#1154,1.216171789);
#1156=EDGE_CURVE('',#1148,#1150,#1155,.T.);
#1157=ORIENTED_EDGE('',*,*,#1156,.F.);
#1158=CARTESIAN_POINT('',(-57.616786551,19.455,33.919983519));
#1159=DIRECTION('',(-0.,-0.,-1.));
#1160=DIRECTION('',(-0.,1.,-0.));
#1161=AXIS2_PLACEMENT_3D('',#1158,#1159,#1160);
#1162=CIRCLE('',#1161,1.216171789);
#1163=EDGE_CURVE('',#1150,#1148,#1162,.T.);
#1164=ORIENTED_EDGE('',*,*,#1163,.F.);
#1165=EDGE_LOOP('',(#1157,#1164));
#1166=FACE_BOUND('',#1165,.T.);
#1167=ADVANCED_FACE('',(#1166),#1146,.F.);
#1168=CARTESIAN_POINT('',(-57.616786551,19.455,24.919983519));
#1169=DIRECTION('',(0.,0.,1.));
#1170=DIRECTION('',(1.,0.,-0.));
#1171=AXIS2_PLACEMENT_3D('',#1168,#1169,#1170);
#1172=CYLINDRICAL_SURFACE('',#1171,1.216171789);
#1173=CARTESIAN_POINT('',(-56.400614762,19.455,31.919983519));
#1174=VERTEX_POINT('',#1173);
#1175=CARTESIAN_POINT('',(-56.400614762,19.455,33.919983519));
#1176=DIRECTION('',(-0.,-0.,-1.));
#1177=VECTOR('',#1176,2.);
#1178=LINE('',#1175,#1177);
#1179=EDGE_CURVE('',#1148,#1174,#1178,.T.);
#1180=ORIENTED_EDGE('',*,*,#1179,.T.);
#1181=CARTESIAN_POINT('',(-58.832958341,19.455,31.919983519));
#1182=VERTEX_POINT('',#1181);
#1183=CARTESIAN_POINT('',(-57.616786551,19.455,31.919983519));
#1184=DIRECTION('',(0.,0.,1.));
#1185=DIRECTION('',(-1.,0.,0.));
#1186=AXIS2_PLACEMENT_3D('',#1183,#1184,#1185);
#1187=CIRCLE('',#1186,1.216171789);
#1188=EDGE_CURVE('',#1174,#1182,#1187,.T.);
#1189=ORIENTED_EDGE('',*,*,#1188,.T.);
#1190=CARTESIAN_POINT('',(-57.616786551,19.455,31.919983519));
#1191=DIRECTION('',(0.,0.,1.));
#1192=DIRECTION('',(-1.,0.,0.));
#1193=AXIS2_PLACEMENT_3D('',#1190,#1191,#1192);
#1194=CIRCLE('',#1193,1.216171789);
#1195=EDGE_CURVE('',#1182,#1174,#1194,.T.);
#1196=ORIENTED_EDGE('',*,*,#1195,.T.);
#1197=ORIENTED_EDGE('',*,*,#1179,.F.);
#1198=ORIENTED_EDGE('',*,*,#1156,.T.);
#1199=ORIENTED_EDGE('',*,*,#1163,.T.);
#1200=EDGE_LOOP('',(#1180,#1189,#1196,#1197,#1198,#1199));
#1201=FACE_BOUND('',#1200,.T.);
#1202=ADVANCED_FACE('',(#1201),#1172,.T.);
#1203=CARTESIAN_POINT('',(30.203391194,1.18159996,22.919983519));
#1204=DIRECTION('',(-0.,1.,-0.));
#1205=DIRECTION('',(0.,0.,1.));
#1206=AXIS2_PLACEMENT_3D('',#1203,#1204,#1205);
#1207=PLANE('',#1206);
#1208=ORIENTED_EDGE('',*,*,#788,.F.);
#1209=CARTESIAN_POINT('',(28.203391194,1.18159996,31.919983519));
#1210=VERTEX_POINT('',#1209);
#1211=CARTESIAN_POINT('',(28.203391194,1.18159996,29.919983519));
#1212=DIRECTION('',(0.,0.,1.));
#1213=VECTOR('',#1212,2.);
#1214=LINE('',#1211,#1213);
#1215=EDGE_CURVE('',#775,#1210,#1214,.T.);
#1216=ORIENTED_EDGE('',*,*,#1215,.T.);
#1217=CARTESIAN_POINT('',(32.203391194,1.18159996,31.919983519));
#1218=VERTEX_POINT('',#1217);
#1219=CARTESIAN_POINT('',(32.203391194,1.18159996,31.919983519));
#1220=DIRECTION('',(-1.,-0.,0.));
#1221=VECTOR('',#1220,4.);
#1222=LINE('',#1219,#1221);
#1223=EDGE_CURVE('',#1218,#1210,#1222,.T.);
#1224=ORIENTED_EDGE('',*,*,#1223,.F.);
#1225=CARTESIAN_POINT('',(32.203391194,1.18159996,29.919983519));
#1226=DIRECTION('',(0.,0.,1.));
#1227=VECTOR('',#1226,2.);
#1228=LINE('',#1225,#1227);
#1229=EDGE_CURVE('',#783,#1218,#1228,.T.);
#1230=ORIENTED_EDGE('',*,*,#1229,.F.);
#1231=EDGE_LOOP('',(#1208,#1216,#1224,#1230));
#1232=FACE_BOUND('',#1231,.T.);
#1233=ADVANCED_FACE('',(#1232),#1207,.T.);
#1234=CARTESIAN_POINT('',(32.203391194,-0.81840004,22.919983519));
#1235=DIRECTION('',(1.,0.,-0.));
#1236=DIRECTION('',(-0.,0.,-1.));
#1237=AXIS2_PLACEMENT_3D('',#1234,#1235,#1236);
#1238=PLANE('',#1237);
#1239=ORIENTED_EDGE('',*,*,#796,.F.);
#1240=ORIENTED_EDGE('',*,*,#1229,.T.);
#1241=CARTESIAN_POINT('',(32.203391194,-2.81840004,31.919983519));
#1242=VERTEX_POINT('',#1241);
#1243=CARTESIAN_POINT('',(32.203391194,-2.81840004,31.919983519));
#1244=DIRECTION('',(-0.,1.,-0.));
#1245=VECTOR('',#1244,4.);
#1246=LINE('',#1243,#1245);
#1247=EDGE_CURVE('',#1242,#1218,#1246,.T.);
#1248=ORIENTED_EDGE('',*,*,#1247,.F.);
#1249=CARTESIAN_POINT('',(32.203391194,-2.81840004,29.919983519));
#1250=DIRECTION('',(0.,0.,1.));
#1251=VECTOR('',#1250,2.);
#1252=LINE('',#1249,#1251);
#1253=EDGE_CURVE('',#791,#1242,#1252,.T.);
#1254=ORIENTED_EDGE('',*,*,#1253,.F.);
#1255=EDGE_LOOP('',(#1239,#1240,#1248,#1254));
#1256=FACE_BOUND('',#1255,.T.);
#1257=ADVANCED_FACE('',(#1256),#1238,.T.);
#1258=CARTESIAN_POINT('',(30.203391194,-2.81840004,22.919983519));
#1259=DIRECTION('',(0.,-1.,0.));
#1260=DIRECTION('',(0.,-0.,-1.));
#1261=AXIS2_PLACEMENT_3D('',#1258,#1259,#1260);
#1262=PLANE('',#1261);
#1263=ORIENTED_EDGE('',*,*,#802,.F.);
#1264=ORIENTED_EDGE('',*,*,#1253,.T.);
#1265=CARTESIAN_POINT('',(28.203391194,-2.81840004,31.919983519));
#1266=VERTEX_POINT('',#1265);
#1267=CARTESIAN_POINT('',(28.203391194,-2.81840004,31.919983519));
#1268=DIRECTION('',(1.,0.,-0.));
#1269=VECTOR('',#1268,4.);
#1270=LINE('',#1267,#1269);
#1271=EDGE_CURVE('',#1266,#1242,#1270,.T.);
#1272=ORIENTED_EDGE('',*,*,#1271,.F.);
#1273=CARTESIAN_POINT('',(28.203391194,-2.81840004,29.919983519));
#1274=DIRECTION('',(0.,0.,1.));
#1275=VECTOR('',#1274,2.);
#1276=LINE('',#1273,#1275);
#1277=EDGE_CURVE('',#773,#1266,#1276,.T.);
#1278=ORIENTED_EDGE('',*,*,#1277,.F.);
#1279=EDGE_LOOP('',(#1263,#1264,#1272,#1278));
#1280=FACE_BOUND('',#1279,.T.);
#1281=ADVANCED_FACE('',(#1280),#1262,.T.);
#1282=CARTESIAN_POINT('',(28.203391194,-0.81840004,22.919983519));
#1283=DIRECTION('',(-1.,0.,0.));
#1284=DIRECTION('',(0.,0.,1.));
#1285=AXIS2_PLACEMENT_3D('',#1282,#1283,#1284);
#1286=PLANE('',#1285);
#1287=ORIENTED_EDGE('',*,*,#780,.F.);
#1288=ORIENTED_EDGE('',*,*,#1277,.T.);
#1289=CARTESIAN_POINT('',(28.203391194,1.18159996,31.919983519));
#1290=DIRECTION('',(0.,-1.,0.));
#1291=VECTOR('',#1290,4.);
#1292=LINE('',#1289,#1291);
#1293=EDGE_CURVE('',#1210,#1266,#1292,.T.);
#1294=ORIENTED_EDGE('',*,*,#1293,.F.);
#1295=ORIENTED_EDGE('',*,*,#1215,.F.);
#1296=EDGE_LOOP('',(#1287,#1288,#1294,#1295));
#1297=FACE_BOUND('',#1296,.T.);
#1298=ADVANCED_FACE('',(#1297),#1286,.T.);
#1299=CARTESIAN_POINT('',(0.,0.,31.919983519));
#1300=DIRECTION('',(-0.,-0.,-1.));
#1301=DIRECTION('',(-0.,1.,-0.));
#1302=AXIS2_PLACEMENT_3D('',#1299,#1300,#1301);
#1303=PLANE('',#1302);
#1304=ORIENTED_EDGE('',*,*,#1223,.T.);
#1305=ORIENTED_EDGE('',*,*,#1293,.T.);
#1306=ORIENTED_EDGE('',*,*,#1271,.T.);
#1307=ORIENTED_EDGE('',*,*,#1247,.T.);
#1308=EDGE_LOOP('',(#1304,#1305,#1306,#1307));
#1309=FACE_BOUND('',#1308,.T.);
#1310=ADVANCED_FACE('',(#1309),#1303,.F.);
#1311=CARTESIAN_POINT('',(0.,0.,33.919983519));
#1312=DIRECTION('',(-0.,-0.,-1.));
#1313=DIRECTION('',(-0.,1.,-0.));
#1314=AXIS2_PLACEMENT_3D('',#1311,#1312,#1313);
#1315=PLANE('',#1314);
#1316=CARTESIAN_POINT('',(-26.062657477,-13.565,33.919983519));
#1317=VERTEX_POINT('',#1316);
#1318=CARTESIAN_POINT('',(-27.136786551,-12.490870926,33.919983519));
#1319=VERTEX_POINT('',#1318);
#1320=CARTESIAN_POINT('',(-27.136786551,-13.565,33.919983519));
#1321=DIRECTION('',(-0.,-0.,-1.));
#1322=DIRECTION('',(-0.,1.,-0.));
#1323=AXIS2_PLACEMENT_3D('',#1320,#1321,#1322);
#1324=CIRCLE('',#1323,1.074129074);
#1325=EDGE_CURVE('',#1317,#1319,#1324,.T.);
#1326=ORIENTED_EDGE('',*,*,#1325,.F.);
#1327=CARTESIAN_POINT('',(-27.136786551,-13.565,33.919983519));
#1328=DIRECTION('',(-0.,-0.,-1.));
#1329=DIRECTION('',(-0.,1.,-0.));
#1330=AXIS2_PLACEMENT_3D('',#1327,#1328,#1329);
#1331=CIRCLE('',#1330,1.074129074);
#1332=EDGE_CURVE('',#1319,#1317,#1331,.T.);
#1333=ORIENTED_EDGE('',*,*,#1332,.F.);
#1334=EDGE_LOOP('',(#1326,#1333));
#1335=FACE_BOUND('',#1334,.T.);
#1336=ADVANCED_FACE('',(#1335),#1315,.F.);
#1337=CARTESIAN_POINT('',(-27.136786551,-13.565,24.919983519));
#1338=DIRECTION('',(0.,0.,1.));
#1339=DIRECTION('',(1.,0.,-0.));
#1340=AXIS2_PLACEMENT_3D('',#1337,#1338,#1339);
#1341=CYLINDRICAL_SURFACE('',#1340,1.074129074);
#1342=CARTESIAN_POINT('',(-26.062657477,-13.565,31.919983519));
#1343=VERTEX_POINT('',#1342);
#1344=CARTESIAN_POINT('',(-26.062657477,-13.565,33.919983519));
#1345=DIRECTION('',(-0.,-0.,-1.));
#1346=VECTOR('',#1345,2.);
#1347=LINE('',#1344,#1346);
#1348=EDGE_CURVE('',#1317,#1343,#1347,.T.);
#1349=ORIENTED_EDGE('',*,*,#1348,.T.);
#1350=CARTESIAN_POINT('',(-28.210915625,-13.565,31.919983519));
#1351=VERTEX_POINT('',#1350);
#1352=CARTESIAN_POINT('',(-27.136786551,-13.565,31.919983519));
#1353=DIRECTION('',(0.,0.,1.));
#1354=DIRECTION('',(-1.,0.,0.));
#1355=AXIS2_PLACEMENT_3D('',#1352,#1353,#1354);
#1356=CIRCLE('',#1355,1.074129074);
#1357=EDGE_CURVE('',#1343,#1351,#1356,.T.);
#1358=ORIENTED_EDGE('',*,*,#1357,.T.);
#1359=CARTESIAN_POINT('',(-27.136786551,-13.565,31.919983519));
#1360=DIRECTION('',(0.,0.,1.));
#1361=DIRECTION('',(-1.,0.,0.));
#1362=AXIS2_PLACEMENT_3D('',#1359,#1360,#1361);
#1363=CIRCLE('',#1362,1.074129074);
#1364=EDGE_CURVE('',#1351,#1343,#1363,.T.);
#1365=ORIENTED_EDGE('',*,*,#1364,.T.);
#1366=ORIENTED_EDGE('',*,*,#1348,.F.);
#1367=ORIENTED_EDGE('',*,*,#1325,.T.);
#1368=ORIENTED_EDGE('',*,*,#1332,.T.);
#1369=EDGE_LOOP('',(#1349,#1358,#1365,#1366,#1367,#1368));
#1370=FACE_BOUND('',#1369,.T.);
#1371=ADVANCED_FACE('',(#1370),#1341,.T.);
#1372=CARTESIAN_POINT('',(5.817522459,13.570440456,22.919983519));
#1373=DIRECTION('',(0.,1.,-0.));
#1374=DIRECTION('',(0.,0.,1.));
#1375=AXIS2_PLACEMENT_3D('',#1372,#1373,#1374);
#1376=PLANE('',#1375);
#1377=ORIENTED_EDGE('',*,*,#754,.F.);
#1378=CARTESIAN_POINT('',(4.817522459,13.570440456,31.919983519));
#1379=VERTEX_POINT('',#1378);
#1380=CARTESIAN_POINT('',(4.817522459,13.570440456,29.919983519));
#1381=DIRECTION('',(0.,0.,1.));
#1382=VECTOR('',#1381,2.);
#1383=LINE('',#1380,#1382);
#1384=EDGE_CURVE('',#741,#1379,#1383,.T.);
#1385=ORIENTED_EDGE('',*,*,#1384,.T.);
#1386=CARTESIAN_POINT('',(6.817522459,13.570440456,31.919983519));
#1387=VERTEX_POINT('',#1386);
#1388=CARTESIAN_POINT('',(6.817522459,13.570440456,31.919983519));
#1389=DIRECTION('',(-1.,0.,0.));
#1390=VECTOR('',#1389,2.);
#1391=LINE('',#1388,#1390);
#1392=EDGE_CURVE('',#1387,#1379,#1391,.T.);
#1393=ORIENTED_EDGE('',*,*,#1392,.F.);
#1394=CARTESIAN_POINT('',(6.817522459,13.570440456,29.919983519));
#1395=DIRECTION('',(0.,0.,1.));
#1396=VECTOR('',#1395,2.);
#1397=LINE('',#1394,#1396);
#1398=EDGE_CURVE('',#749,#1387,#1397,.T.);
#1399=ORIENTED_EDGE('',*,*,#1398,.F.);
#1400=EDGE_LOOP('',(#1377,#1385,#1393,#1399));
#1401=FACE_BOUND('',#1400,.T.);
#1402=ADVANCED_FACE('',(#1401),#1376,.T.);
#1403=CARTESIAN_POINT('',(6.817522459,-4.929559544,22.919983519));
#1404=DIRECTION('',(1.,0.,-0.));
#1405=DIRECTION('',(-0.,0.,-1.));
#1406=AXIS2_PLACEMENT_3D('',#1403,#1404,#1405);
#1407=PLANE('',#1406);
#1408=ORIENTED_EDGE('',*,*,#762,.F.);
#1409=ORIENTED_EDGE('',*,*,#1398,.T.);
#1410=CARTESIAN_POINT('',(6.817522459,-23.429559544,31.919983519));
#1411=VERTEX_POINT('',#1410);
#1412=CARTESIAN_POINT('',(6.817522459,-23.429559544,31.919983519));
#1413=DIRECTION('',(-0.,1.,-0.));
#1414=VECTOR('',#1413,37.);
#1415=LINE('',#1412,#1414);
#1416=EDGE_CURVE('',#1411,#1387,#1415,.T.);
#1417=ORIENTED_EDGE('',*,*,#1416,.F.);
#1418=CARTESIAN_POINT('',(6.817522459,-23.429559544,29.919983519));
#1419=DIRECTION('',(0.,0.,1.));
#1420=VECTOR('',#1419,2.);
#1421=LINE('',#1418,#1420);
#1422=EDGE_CURVE('',#757,#1411,#1421,.T.);
#1423=ORIENTED_EDGE('',*,*,#1422,.F.);
#1424=EDGE_LOOP('',(#1408,#1409,#1417,#1423));
#1425=FACE_BOUND('',#1424,.T.);
#1426=ADVANCED_FACE('',(#1425),#1407,.T.);
#1427=CARTESIAN_POINT('',(5.817522459,-23.429559544,22.919983519));
#1428=DIRECTION('',(0.,-1.,0.));
#1429=DIRECTION('',(0.,-0.,-1.));
#1430=AXIS2_PLACEMENT_3D('',#1427,#1428,#1429);
#1431=PLANE('',#1430);
#1432=ORIENTED_EDGE('',*,*,#768,.F.);
#1433=ORIENTED_EDGE('',*,*,#1422,.T.);
#1434=CARTESIAN_POINT('',(4.817522459,-23.429559544,31.919983519));
#1435=VERTEX_POINT('',#1434);
#1436=CARTESIAN_POINT('',(4.817522459,-23.429559544,31.919983519));
#1437=DIRECTION('',(1.,-0.,-0.));
#1438=VECTOR('',#1437,2.);
#1439=LINE('',#1436,#1438);
#1440=EDGE_CURVE('',#1435,#1411,#1439,.T.);
#1441=ORIENTED_EDGE('',*,*,#1440,.F.);
#1442=CARTESIAN_POINT('',(4.817522459,-23.429559544,29.919983519));
#1443=DIRECTION('',(0.,0.,1.));
#1444=VECTOR('',#1443,2.);
#1445=LINE('',#1442,#1444);
#1446=EDGE_CURVE('',#739,#1435,#1445,.T.);
#1447=ORIENTED_EDGE('',*,*,#1446,.F.);
#1448=EDGE_LOOP('',(#1432,#1433,#1441,#1447));
#1449=FACE_BOUND('',#1448,.T.);
#1450=ADVANCED_FACE('',(#1449),#1431,.T.);
#1451=CARTESIAN_POINT('',(4.817522459,-4.929559544,22.919983519));
#1452=DIRECTION('',(-1.,0.,0.));
#1453=DIRECTION('',(0.,0.,1.));
#1454=AXIS2_PLACEMENT_3D('',#1451,#1452,#1453);
#1455=PLANE('',#1454);
#1456=ORIENTED_EDGE('',*,*,#746,.F.);
#1457=ORIENTED_EDGE('',*,*,#1446,.T.);
#1458=CARTESIAN_POINT('',(4.817522459,13.570440456,31.919983519));
#1459=DIRECTION('',(0.,-1.,0.));
#1460=VECTOR('',#1459,37.);
#1461=LINE('',#1458,#1460);
#1462=EDGE_CURVE('',#1379,#1435,#1461,.T.);
#1463=ORIENTED_EDGE('',*,*,#1462,.F.);
#1464=ORIENTED_EDGE('',*,*,#1384,.F.);
#1465=EDGE_LOOP('',(#1456,#1457,#1463,#1464));
#1466=FACE_BOUND('',#1465,.T.);
#1467=ADVANCED_FACE('',(#1466),#1455,.T.);
#1468=CARTESIAN_POINT('',(0.,0.,31.919983519));
#1469=DIRECTION('',(-0.,-0.,-1.));
#1470=DIRECTION('',(-0.,1.,-0.));
#1471=AXIS2_PLACEMENT_3D('',#1468,#1469,#1470);
#1472=PLANE('',#1471);
#1473=ORIENTED_EDGE('',*,*,#1392,.T.);
#1474=ORIENTED_EDGE('',*,*,#1462,.T.);
#1475=ORIENTED_EDGE('',*,*,#1440,.T.);
#1476=ORIENTED_EDGE('',*,*,#1416,.T.);
#1477=EDGE_LOOP('',(#1473,#1474,#1475,#1476));
#1478=FACE_BOUND('',#1477,.T.);
#1479=ADVANCED_FACE('',(#1478),#1472,.F.);
#1480=CARTESIAN_POINT('',(-15.842422679,13.409997791,22.919983519));
#1481=DIRECTION('',(0.,1.,-0.));
#1482=DIRECTION('',(0.,0.,1.));
#1483=AXIS2_PLACEMENT_3D('',#1480,#1481,#1482);
#1484=PLANE('',#1483);
#1485=ORIENTED_EDGE('',*,*,#720,.F.);
#1486=CARTESIAN_POINT('',(-16.842422679,13.409997791,31.919983519));
#1487=VERTEX_POINT('',#1486);
#1488=CARTESIAN_POINT('',(-16.842422679,13.409997791,29.919983519));
#1489=DIRECTION('',(0.,0.,1.));
#1490=VECTOR('',#1489,2.);
#1491=LINE('',#1488,#1490);
#1492=EDGE_CURVE('',#707,#1487,#1491,.T.);
#1493=ORIENTED_EDGE('',*,*,#1492,.T.);
#1494=CARTESIAN_POINT('',(-14.842422679,13.409997791,31.919983519));
#1495=VERTEX_POINT('',#1494);
#1496=CARTESIAN_POINT('',(-14.842422679,13.409997791,31.919983519));
#1497=DIRECTION('',(-1.,0.,0.));
#1498=VECTOR('',#1497,2.);
#1499=LINE('',#1496,#1498);
#1500=EDGE_CURVE('',#1495,#1487,#1499,.T.);
#1501=ORIENTED_EDGE('',*,*,#1500,.F.);
#1502=CARTESIAN_POINT('',(-14.842422679,13.409997791,29.919983519));
#1503=DIRECTION('',(0.,0.,1.));
#1504=VECTOR('',#1503,2.);
#1505=LINE('',#1502,#1504);
#1506=EDGE_CURVE('',#715,#1495,#1505,.T.);
#1507=ORIENTED_EDGE('',*,*,#1506,.F.);
#1508=EDGE_LOOP('',(#1485,#1493,#1501,#1507));
#1509=FACE_BOUND('',#1508,.T.);
#1510=ADVANCED_FACE('',(#1509),#1484,.T.);
#1511=CARTESIAN_POINT('',(-14.842422679,-5.090002209,22.919983519));
#1512=DIRECTION('',(1.,0.,-0.));
#1513=DIRECTION('',(-0.,0.,-1.));
#1514=AXIS2_PLACEMENT_3D('',#1511,#1512,#1513);
#1515=PLANE('',#1514);
#1516=ORIENTED_EDGE('',*,*,#728,.F.);
#1517=ORIENTED_EDGE('',*,*,#1506,.T.);
#1518=CARTESIAN_POINT('',(-14.842422679,-23.590002209,31.919983519));
#1519=VERTEX_POINT('',#1518);
#1520=CARTESIAN_POINT('',(-14.842422679,-23.590002209,31.919983519));
#1521=DIRECTION('',(-0.,1.,-0.));
#1522=VECTOR('',#1521,37.);
#1523=LINE('',#1520,#1522);
#1524=EDGE_CURVE('',#1519,#1495,#1523,.T.);
#1525=ORIENTED_EDGE('',*,*,#1524,.F.);
#1526=CARTESIAN_POINT('',(-14.842422679,-23.590002209,29.919983519));
#1527=DIRECTION('',(0.,0.,1.));
#1528=VECTOR('',#1527,2.);
#1529=LINE('',#1526,#1528);
#1530=EDGE_CURVE('',#723,#1519,#1529,.T.);
#1531=ORIENTED_EDGE('',*,*,#1530,.F.);
#1532=EDGE_LOOP('',(#1516,#1517,#1525,#1531));
#1533=FACE_BOUND('',#1532,.T.);
#1534=ADVANCED_FACE('',(#1533),#1515,.T.);
#1535=CARTESIAN_POINT('',(-15.842422679,-23.590002209,22.919983519));
#1536=DIRECTION('',(0.,-1.,0.));
#1537=DIRECTION('',(0.,-0.,-1.));
#1538=AXIS2_PLACEMENT_3D('',#1535,#1536,#1537);
#1539=PLANE('',#1538);
#1540=ORIENTED_EDGE('',*,*,#734,.F.);
#1541=ORIENTED_EDGE('',*,*,#1530,.T.);
#1542=CARTESIAN_POINT('',(-16.842422679,-23.590002209,31.919983519));
#1543=VERTEX_POINT('',#1542);
#1544=CARTESIAN_POINT('',(-16.842422679,-23.590002209,31.919983519));
#1545=DIRECTION('',(1.,-0.,-0.));
#1546=VECTOR('',#1545,2.);
#1547=LINE('',#1544,#1546);
#1548=EDGE_CURVE('',#1543,#1519,#1547,.T.);
#1549=ORIENTED_EDGE('',*,*,#1548,.F.);
#1550=CARTESIAN_POINT('',(-16.842422679,-23.590002209,29.919983519));
#1551=DIRECTION('',(0.,0.,1.));
#1552=VECTOR('',#1551,2.);
#1553=LINE('',#1550,#1552);
#1554=EDGE_CURVE('',#705,#1543,#1553,.T.);
#1555=ORIENTED_EDGE('',*,*,#1554,.F.);
#1556=EDGE_LOOP('',(#1540,#1541,#1549,#1555));
#1557=FACE_BOUND('',#1556,.T.);
#1558=ADVANCED_FACE('',(#1557),#1539,.T.);
#1559=CARTESIAN_POINT('',(-16.842422679,-5.090002209,22.919983519));
#1560=DIRECTION('',(-1.,0.,0.));
#1561=DIRECTION('',(0.,0.,1.));
#1562=AXIS2_PLACEMENT_3D('',#1559,#1560,#1561);
#1563=PLANE('',#1562);
#1564=ORIENTED_EDGE('',*,*,#712,.F.);
#1565=ORIENTED_EDGE('',*,*,#1554,.T.);
#1566=CARTESIAN_POINT('',(-16.842422679,13.409997791,31.919983519));
#1567=DIRECTION('',(0.,-1.,0.));
#1568=VECTOR('',#1567,37.);
#1569=LINE('',#1566,#1568);
#1570=EDGE_CURVE('',#1487,#1543,#1569,.T.);
#1571=ORIENTED_EDGE('',*,*,#1570,.F.);
#1572=ORIENTED_EDGE('',*,*,#1492,.F.);
#1573=EDGE_LOOP('',(#1564,#1565,#1571,#1572));
#1574=FACE_BOUND('',#1573,.T.);
#1575=ADVANCED_FACE('',(#1574),#1563,.T.);
#1576=CARTESIAN_POINT('',(0.,0.,31.919983519));
#1577=DIRECTION('',(-0.,-0.,-1.));
#1578=DIRECTION('',(-0.,1.,-0.));
#1579=AXIS2_PLACEMENT_3D('',#1576,#1577,#1578);
#1580=PLANE('',#1579);
#1581=ORIENTED_EDGE('',*,*,#1500,.T.);
#1582=ORIENTED_EDGE('',*,*,#1570,.T.);
#1583=ORIENTED_EDGE('',*,*,#1548,.T.);
#1584=ORIENTED_EDGE('',*,*,#1524,.T.);
#1585=EDGE_LOOP('',(#1581,#1582,#1583,#1584));
#1586=FACE_BOUND('',#1585,.T.);
#1587=ADVANCED_FACE('',(#1586),#1580,.F.);
#1588=CARTESIAN_POINT('',(0.,0.,33.919983519));
#1589=DIRECTION('',(-0.,-0.,-1.));
#1590=DIRECTION('',(-0.,1.,-0.));
#1591=AXIS2_PLACEMENT_3D('',#1588,#1589,#1590);
#1592=PLANE('',#1591);
#1593=CARTESIAN_POINT('',(24.796746616,-28.805,33.919983519));
#1594=VERTEX_POINT('',#1593);
#1595=CARTESIAN_POINT('',(23.663213449,-27.671466833,33.919983519));
#1596=VERTEX_POINT('',#1595);
#1597=CARTESIAN_POINT('',(23.663213449,-28.805,33.919983519));
#1598=DIRECTION('',(-0.,-0.,-1.));
#1599=DIRECTION('',(-0.,1.,-0.));
#1600=AXIS2_PLACEMENT_3D('',#1597,#1598,#1599);
#1601=CIRCLE('',#1600,1.133533167);
#1602=EDGE_CURVE('',#1594,#1596,#1601,.T.);
#1603=ORIENTED_EDGE('',*,*,#1602,.F.);
#1604=CARTESIAN_POINT('',(23.663213449,-28.805,33.919983519));
#1605=DIRECTION('',(-0.,-0.,-1.));
#1606=DIRECTION('',(-0.,1.,-0.));
#1607=AXIS2_PLACEMENT_3D('',#1604,#1605,#1606);
#1608=CIRCLE('',#1607,1.133533167);
#1609=EDGE_CURVE('',#1596,#1594,#1608,.T.);
#1610=ORIENTED_EDGE('',*,*,#1609,.F.);
#1611=EDGE_LOOP('',(#1603,#1610));
#1612=FACE_BOUND('',#1611,.T.);
#1613=ADVANCED_FACE('',(#1612),#1592,.F.);
#1614=CARTESIAN_POINT('',(23.663213449,-28.805,24.919983519));
#1615=DIRECTION('',(0.,0.,1.));
#1616=DIRECTION('',(1.,0.,-0.));
#1617=AXIS2_PLACEMENT_3D('',#1614,#1615,#1616);
#1618=CYLINDRICAL_SURFACE('',#1617,1.133533167);
#1619=CARTESIAN_POINT('',(24.796746616,-28.805,31.919983519));
#1620=VERTEX_POINT('',#1619);
#1621=CARTESIAN_POINT('',(24.796746616,-28.805,33.919983519));
#1622=DIRECTION('',(-0.,-0.,-1.));
#1623=VECTOR('',#1622,2.);
#1624=LINE('',#1621,#1623);
#1625=EDGE_CURVE('',#1594,#1620,#1624,.T.);
#1626=ORIENTED_EDGE('',*,*,#1625,.T.);
#1627=CARTESIAN_POINT('',(22.529680282,-28.805,31.919983519));
#1628=VERTEX_POINT('',#1627);
#1629=CARTESIAN_POINT('',(23.663213449,-28.805,31.919983519));
#1630=DIRECTION('',(0.,0.,1.));
#1631=DIRECTION('',(-1.,0.,0.));
#1632=AXIS2_PLACEMENT_3D('',#1629,#1630,#1631);
#1633=CIRCLE('',#1632,1.133533167);
#1634=EDGE_CURVE('',#1620,#1628,#1633,.T.);
#1635=ORIENTED_EDGE('',*,*,#1634,.T.);
#1636=CARTESIAN_POINT('',(23.663213449,-28.805,31.919983519));
#1637=DIRECTION('',(0.,0.,1.));
#1638=DIRECTION('',(-1.,0.,0.));
#1639=AXIS2_PLACEMENT_3D('',#1636,#1637,#1638);
#1640=CIRCLE('',#1639,1.133533167);
#1641=EDGE_CURVE('',#1628,#1620,#1640,.T.);
#1642=ORIENTED_EDGE('',*,*,#1641,.T.);
#1643=ORIENTED_EDGE('',*,*,#1625,.F.);
#1644=ORIENTED_EDGE('',*,*,#1602,.T.);
#1645=ORIENTED_EDGE('',*,*,#1609,.T.);
#1646=EDGE_LOOP('',(#1626,#1635,#1642,#1643,#1644,#1645));
#1647=FACE_BOUND('',#1646,.T.);
#1648=ADVANCED_FACE('',(#1647),#1618,.T.);
#1649=CARTESIAN_POINT('',(41.253213449,-9.665,39.234983518));
#1650=DIRECTION('',(0.,-1.,0.));
#1651=DIRECTION('',(0.,-0.,-1.));
#1652=AXIS2_PLACEMENT_3D('',#1649,#1650,#1651);
#1653=PLANE('',#1652);
#1654=ORIENTED_EDGE('',*,*,#80,.T.);
#1655=ORIENTED_EDGE('',*,*,#126,.F.);
#1656=ORIENTED_EDGE('',*,*,#204,.T.);
#1657=ORIENTED_EDGE('',*,*,#410,.T.);
#1658=EDGE_LOOP('',(#1654,#1655,#1656,#1657));
#1659=FACE_BOUND('',#1658,.T.);
#1660=ADVANCED_FACE('',(#1659),#1653,.T.);
#1661=CARTESIAN_POINT('',(41.253213449,-22.385,39.234983518));
#1662=DIRECTION('',(-0.,1.,-0.));
#1663=DIRECTION('',(0.,0.,1.));
#1664=AXIS2_PLACEMENT_3D('',#1661,#1662,#1663);
#1665=PLANE('',#1664);
#1666=ORIENTED_EDGE('',*,*,#48,.T.);
#1667=ORIENTED_EDGE('',*,*,#417,.F.);
#1668=ORIENTED_EDGE('',*,*,#236,.T.);
#1669=ORIENTED_EDGE('',*,*,#158,.F.);
#1670=EDGE_LOOP('',(#1666,#1667,#1668,#1669));
#1671=FACE_BOUND('',#1670,.T.);
#1672=ADVANCED_FACE('',(#1671),#1665,.T.);
#1673=CARTESIAN_POINT('',(45.24578234,-36.011550735,51.586534016));
#1674=DIRECTION('',(0.,-0.,1.));
#1675=DIRECTION('',(0.,-1.,-0.));
#1676=AXIS2_PLACEMENT_3D('',#1673,#1674,#1675);
#1677=CYLINDRICAL_SURFACE('',#1676,2.);
#1678=ORIENTED_EDGE('',*,*,#364,.F.);
#1679=ORIENTED_EDGE('',*,*,#442,.F.);
#1680=CARTESIAN_POINT('',(45.24578234,-36.011550735,28.919983519));
#1681=DIRECTION('',(-0.,0.,-1.));
#1682=DIRECTION('',(0.,-1.,-0.));
#1683=AXIS2_PLACEMENT_3D('',#1680,#1681,#1682);
#1684=CIRCLE('',#1683,2.);
#1685=EDGE_CURVE('',#562,#431,#1684,.T.);
#1686=ORIENTED_EDGE('',*,*,#1685,.F.);
#1687=ORIENTED_EDGE('',*,*,#582,.F.);
#1688=EDGE_LOOP('',(#1678,#1679,#1686,#1687));
#1689=FACE_BOUND('',#1688,.T.);
#1690=ADVANCED_FACE('',(#1689),#1677,.T.);
#1691=CARTESIAN_POINT('',(45.24578234,-35.005,28.919983519));
#1692=DIRECTION('',(0.,1.,-0.));
#1693=DIRECTION('',(-1.,0.,0.));
#1694=AXIS2_PLACEMENT_3D('',#1691,#1692,#1693);
#1695=CYLINDRICAL_SURFACE('',#1694,2.);
#1696=CARTESIAN_POINT('',(45.24578234,26.301550735,28.919983519));
#1697=DIRECTION('',(0.,1.,-0.));
#1698=DIRECTION('',(-1.,0.,0.));
#1699=AXIS2_PLACEMENT_3D('',#1696,#1697,#1698);
#1700=CIRCLE('',#1699,2.);
#1701=EDGE_CURVE('',#564,#509,#1700,.T.);
#1702=ORIENTED_EDGE('',*,*,#1701,.F.);
#1703=ORIENTED_EDGE('',*,*,#569,.F.);
#1704=CARTESIAN_POINT('',(45.24578234,-36.011550735,28.919983519));
#1705=DIRECTION('',(-0.,-1.,0.));
#1706=DIRECTION('',(-1.,0.,0.));
#1707=AXIS2_PLACEMENT_3D('',#1704,#1705,#1706);
#1708=CIRCLE('',#1707,2.);
#1709=EDGE_CURVE('',#491,#562,#1708,.T.);
#1710=ORIENTED_EDGE('',*,*,#1709,.F.);
#1711=ORIENTED_EDGE('',*,*,#520,.F.);
#1712=EDGE_LOOP('',(#1702,#1703,#1710,#1711));
#1713=FACE_BOUND('',#1712,.T.);
#1714=ADVANCED_FACE('',(#1713),#1695,.T.);
#1715=CARTESIAN_POINT('',(45.24578234,26.301550735,51.586534016));
#1716=DIRECTION('',(-0.,-0.,-1.));
#1717=DIRECTION('',(-1.,0.,0.));
#1718=AXIS2_PLACEMENT_3D('',#1715,#1716,#1717);
#1719=CYLINDRICAL_SURFACE('',#1718,2.);
#1720=ORIENTED_EDGE('',*,*,#379,.F.);
#1721=ORIENTED_EDGE('',*,*,#575,.F.);
#1722=CARTESIAN_POINT('',(45.24578234,26.301550735,28.919983519));
#1723=DIRECTION('',(-0.,-0.,-1.));
#1724=DIRECTION('',(-1.,0.,0.));
#1725=AXIS2_PLACEMENT_3D('',#1722,#1723,#1724);
#1726=CIRCLE('',#1725,2.);
#1727=EDGE_CURVE('',#460,#564,#1726,.T.);
#1728=ORIENTED_EDGE('',*,*,#1727,.F.);
#1729=ORIENTED_EDGE('',*,*,#480,.F.);
#1730=EDGE_LOOP('',(#1720,#1721,#1728,#1729));
#1731=FACE_BOUND('',#1730,.T.);
#1732=ADVANCED_FACE('',(#1731),#1719,.T.);
#1733=CARTESIAN_POINT('',(45.24578234,-36.011550735,28.919983519));
#1734=DIRECTION('',(0.,0.,1.));
#1735=DIRECTION('',(1.,0.,-0.));
#1736=AXIS2_PLACEMENT_3D('',#1733,#1734,#1735);
#1737=SPHERICAL_SURFACE('',#1736,2.);
#1738=ORIENTED_EDGE('',*,*,#1709,.T.);
#1739=ORIENTED_EDGE('',*,*,#1685,.T.);
#1740=CARTESIAN_POINT('',(45.24578234,-36.011550735,28.919983519));
#1741=DIRECTION('',(-1.,0.,-0.));
#1742=DIRECTION('',(0.,1.,0.));
#1743=AXIS2_PLACEMENT_3D('',#1740,#1741,#1742);
#1744=CIRCLE('',#1743,2.);
#1745=EDGE_CURVE('',#491,#431,#1744,.T.);
#1746=ORIENTED_EDGE('',*,*,#1745,.F.);
#1747=EDGE_LOOP('',(#1738,#1739,#1746));
#1748=FACE_BOUND('',#1747,.T.);
#1749=ADVANCED_FACE('',(#1748),#1737,.T.);
#1750=CARTESIAN_POINT('',(45.24578234,26.301550735,28.919983519));
#1751=DIRECTION('',(0.,0.,1.));
#1752=DIRECTION('',(1.,0.,-0.));
#1753=AXIS2_PLACEMENT_3D('',#1750,#1751,#1752);
#1754=SPHERICAL_SURFACE('',#1753,2.);
#1755=ORIENTED_EDGE('',*,*,#1727,.T.);
#1756=ORIENTED_EDGE('',*,*,#1701,.T.);
#1757=CARTESIAN_POINT('',(45.24578234,26.301550735,28.919983519));
#1758=DIRECTION('',(-1.,-0.,0.));
#1759=DIRECTION('',(0.,-1.,0.));
#1760=AXIS2_PLACEMENT_3D('',#1757,#1758,#1759);
#1761=CIRCLE('',#1760,2.);
#1762=EDGE_CURVE('',#460,#509,#1761,.T.);
#1763=ORIENTED_EDGE('',*,*,#1762,.F.);
#1764=EDGE_LOOP('',(#1755,#1756,#1763));
#1765=FACE_BOUND('',#1764,.T.);
#1766=ADVANCED_FACE('',(#1765),#1754,.T.);
#1767=CARTESIAN_POINT('',(-64.696786551,-36.011550735,51.586534016));
#1768=DIRECTION('',(0.,-0.,1.));
#1769=DIRECTION('',(0.,-1.,-0.));
#1770=AXIS2_PLACEMENT_3D('',#1767,#1768,#1769);
#1771=CYLINDRICAL_SURFACE('',#1770,2.);
#1772=ORIENTED_EDGE('',*,*,#347,.F.);
#1773=ORIENTED_EDGE('',*,*,#551,.F.);
#1774=CARTESIAN_POINT('',(-64.696786551,-36.011550735,28.919983519));
#1775=DIRECTION('',(0.,0.,-1.));
#1776=DIRECTION('',(0.,1.,0.));
#1777=AXIS2_PLACEMENT_3D('',#1774,#1775,#1776);
#1778=CIRCLE('',#1777,2.);
#1779=EDGE_CURVE('',#429,#540,#1778,.T.);
#1780=ORIENTED_EDGE('',*,*,#1779,.F.);
#1781=ORIENTED_EDGE('',*,*,#449,.F.);
#1782=EDGE_LOOP('',(#1772,#1773,#1780,#1781));
#1783=FACE_BOUND('',#1782,.T.);
#1784=ADVANCED_FACE('',(#1783),#1771,.T.);
#1785=CARTESIAN_POINT('',(-65.060768396,-36.011550735,28.919983519));
#1786=DIRECTION('',(1.,-0.,0.));
#1787=DIRECTION('',(0.,1.,0.));
#1788=AXIS2_PLACEMENT_3D('',#1785,#1786,#1787);
#1789=CYLINDRICAL_SURFACE('',#1788,2.);
#1790=ORIENTED_EDGE('',*,*,#1745,.T.);
#1791=ORIENTED_EDGE('',*,*,#436,.F.);
#1792=CARTESIAN_POINT('',(-64.696786551,-36.011550735,28.919983519));
#1793=DIRECTION('',(-1.,0.,0.));
#1794=DIRECTION('',(0.,0.,1.));
#1795=AXIS2_PLACEMENT_3D('',#1792,#1793,#1794);
#1796=CIRCLE('',#1795,2.);
#1797=EDGE_CURVE('',#493,#429,#1796,.T.);
#1798=ORIENTED_EDGE('',*,*,#1797,.F.);
#1799=ORIENTED_EDGE('',*,*,#498,.F.);
#1800=EDGE_LOOP('',(#1790,#1791,#1798,#1799));
#1801=FACE_BOUND('',#1800,.T.);
#1802=ADVANCED_FACE('',(#1801),#1789,.T.);
#1803=CARTESIAN_POINT('',(39.939231604,26.301550735,28.919983519));
#1804=DIRECTION('',(-1.,-0.,0.));
#1805=DIRECTION('',(0.,-1.,0.));
#1806=AXIS2_PLACEMENT_3D('',#1803,#1804,#1805);
#1807=CYLINDRICAL_SURFACE('',#1806,2.);
#1808=ORIENTED_EDGE('',*,*,#1762,.T.);
#1809=ORIENTED_EDGE('',*,*,#514,.F.);
#1810=CARTESIAN_POINT('',(-64.696786551,26.301550735,28.919983519));
#1811=DIRECTION('',(-1.,0.,0.));
#1812=DIRECTION('',(0.,0.,1.));
#1813=AXIS2_PLACEMENT_3D('',#1810,#1811,#1812);
#1814=CIRCLE('',#1813,2.);
#1815=EDGE_CURVE('',#462,#501,#1814,.T.);
#1816=ORIENTED_EDGE('',*,*,#1815,.F.);
#1817=ORIENTED_EDGE('',*,*,#467,.F.);
#1818=EDGE_LOOP('',(#1808,#1809,#1816,#1817));
#1819=FACE_BOUND('',#1818,.T.);
#1820=ADVANCED_FACE('',(#1819),#1807,.T.);
#1821=CARTESIAN_POINT('',(-64.696786551,26.301550735,-0.));
#1822=DIRECTION('',(0.,0.,1.));
#1823=DIRECTION('',(0.,-1.,0.));
#1824=AXIS2_PLACEMENT_3D('',#1821,#1822,#1823);
#1825=CYLINDRICAL_SURFACE('',#1824,2.);
#1826=ORIENTED_EDGE('',*,*,#330,.F.);
#1827=ORIENTED_EDGE('',*,*,#473,.F.);
#1828=CARTESIAN_POINT('',(-64.696786551,26.301550735,28.919983519));
#1829=DIRECTION('',(0.,0.,-1.));
#1830=DIRECTION('',(-1.,0.,0.));
#1831=AXIS2_PLACEMENT_3D('',#1828,#1829,#1830);
#1832=CIRCLE('',#1831,2.);
#1833=EDGE_CURVE('',#532,#462,#1832,.T.);
#1834=ORIENTED_EDGE('',*,*,#1833,.F.);
#1835=ORIENTED_EDGE('',*,*,#537,.F.);
#1836=EDGE_LOOP('',(#1826,#1827,#1834,#1835));
#1837=FACE_BOUND('',#1836,.T.);
#1838=ADVANCED_FACE('',(#1837),#1825,.T.);
#1839=CARTESIAN_POINT('',(-64.696786551,-36.011550735,28.919983519));
#1840=DIRECTION('',(0.,-1.,-0.));
#1841=DIRECTION('',(0.,0.,-1.));
#1842=AXIS2_PLACEMENT_3D('',#1839,#1840,#1841);
#1843=SPHERICAL_SURFACE('',#1842,2.);
#1844=ORIENTED_EDGE('',*,*,#1797,.T.);
#1845=ORIENTED_EDGE('',*,*,#1779,.T.);
#1846=CARTESIAN_POINT('',(-64.696786551,-36.011550735,28.919983519));
#1847=DIRECTION('',(-0.,1.,-0.));
#1848=DIRECTION('',(0.,0.,-1.));
#1849=AXIS2_PLACEMENT_3D('',#1846,#1847,#1848);
#1850=CIRCLE('',#1849,2.);
#1851=EDGE_CURVE('',#493,#540,#1850,.T.);
#1852=ORIENTED_EDGE('',*,*,#1851,.F.);
#1853=EDGE_LOOP('',(#1844,#1845,#1852));
#1854=FACE_BOUND('',#1853,.T.);
#1855=ADVANCED_FACE('',(#1854),#1843,.T.);
#1856=CARTESIAN_POINT('',(-64.696786551,26.301550735,28.919983519));
#1857=DIRECTION('',(0.,1.,-0.));
#1858=DIRECTION('',(0.,0.,1.));
#1859=AXIS2_PLACEMENT_3D('',#1856,#1857,#1858);
#1860=SPHERICAL_SURFACE('',#1859,2.);
#1861=ORIENTED_EDGE('',*,*,#1833,.T.);
#1862=ORIENTED_EDGE('',*,*,#1815,.T.);
#1863=CARTESIAN_POINT('',(-64.696786551,26.301550735,28.919983519));
#1864=DIRECTION('',(-0.,-1.,-0.));
#1865=DIRECTION('',(0.,-0.,1.));
#1866=AXIS2_PLACEMENT_3D('',#1863,#1864,#1865);
#1867=CIRCLE('',#1866,2.);
#1868=EDGE_CURVE('',#532,#501,#1867,.T.);
#1869=ORIENTED_EDGE('',*,*,#1868,.F.);
#1870=EDGE_LOOP('',(#1861,#1862,#1869));
#1871=FACE_BOUND('',#1870,.T.);
#1872=ADVANCED_FACE('',(#1871),#1860,.T.);
#1873=CARTESIAN_POINT('',(-64.696786551,-35.005,28.919983519));
#1874=DIRECTION('',(0.,-1.,0.));
#1875=DIRECTION('',(1.,0.,0.));
#1876=AXIS2_PLACEMENT_3D('',#1873,#1874,#1875);
#1877=CYLINDRICAL_SURFACE('',#1876,2.);
#1878=ORIENTED_EDGE('',*,*,#1851,.T.);
#1879=ORIENTED_EDGE('',*,*,#545,.F.);
#1880=ORIENTED_EDGE('',*,*,#1868,.T.);
#1881=ORIENTED_EDGE('',*,*,#506,.F.);
#1882=EDGE_LOOP('',(#1878,#1879,#1880,#1881));
#1883=FACE_BOUND('',#1882,.T.);
#1884=ADVANCED_FACE('',(#1883),#1877,.T.);
#1885=CARTESIAN_POINT('',(24.933213449,19.455,31.919983519));
#1886=DIRECTION('',(-0.,-0.,-1.));
#1887=DIRECTION('',(-1.,0.,0.));
#1888=AXIS2_PLACEMENT_3D('',#1885,#1886,#1887);
#1889=TOROIDAL_SURFACE('',#1888,3.176541752,2.);
#1890=CARTESIAN_POINT('',(21.756671697,19.455,31.919983519));
#1891=DIRECTION('',(-0.,1.,-0.));
#1892=DIRECTION('',(-1.,0.,0.));
#1893=AXIS2_PLACEMENT_3D('',#1890,#1891,#1892);
#1894=CIRCLE('',#1893,2.);
#1895=EDGE_CURVE('',#287,#639,#1894,.T.);
#1896=ORIENTED_EDGE('',*,*,#1895,.F.);
#1897=ORIENTED_EDGE('',*,*,#293,.F.);
#1898=ORIENTED_EDGE('',*,*,#300,.F.);
#1899=ORIENTED_EDGE('',*,*,#1895,.T.);
#1900=ORIENTED_EDGE('',*,*,#645,.F.);
#1901=EDGE_LOOP('',(#1896,#1897,#1898,#1899,#1900));
#1902=FACE_BOUND('',#1901,.T.);
#1903=ADVANCED_FACE('',(#1902),#1889,.F.);
#1904=CARTESIAN_POINT('',(-51.266786551,-28.805,31.919983519));
#1905=DIRECTION('',(-0.,-0.,-1.));
#1906=DIRECTION('',(-1.,0.,0.));
#1907=AXIS2_PLACEMENT_3D('',#1904,#1905,#1906);
#1908=TOROIDAL_SURFACE('',#1907,3.209042126,2.);
#1909=CARTESIAN_POINT('',(-54.475828677,-28.805,31.919983519));
#1910=DIRECTION('',(-0.,1.,-0.));
#1911=DIRECTION('',(-1.,0.,0.));
#1912=AXIS2_PLACEMENT_3D('',#1909,#1910,#1911);
#1913=CIRCLE('',#1912,2.);
#1914=EDGE_CURVE('',#1121,#650,#1913,.T.);
#1915=ORIENTED_EDGE('',*,*,#1914,.F.);
#1916=ORIENTED_EDGE('',*,*,#1127,.F.);
#1917=ORIENTED_EDGE('',*,*,#1134,.F.);
#1918=ORIENTED_EDGE('',*,*,#1914,.T.);
#1919=ORIENTED_EDGE('',*,*,#656,.F.);
#1920=EDGE_LOOP('',(#1915,#1916,#1917,#1918,#1919));
#1921=FACE_BOUND('',#1920,.T.);
#1922=ADVANCED_FACE('',(#1921),#1908,.F.);
#1923=CARTESIAN_POINT('',(23.663213449,-28.805,31.919983519));
#1924=DIRECTION('',(-0.,-0.,-1.));
#1925=DIRECTION('',(-1.,0.,0.));
#1926=AXIS2_PLACEMENT_3D('',#1923,#1924,#1925);
#1927=TOROIDAL_SURFACE('',#1926,3.133533167,2.);
#1928=CARTESIAN_POINT('',(20.529680282,-28.805,31.919983519));
#1929=DIRECTION('',(-0.,1.,-0.));
#1930=DIRECTION('',(-1.,0.,0.));
#1931=AXIS2_PLACEMENT_3D('',#1928,#1929,#1930);
#1932=CIRCLE('',#1931,2.);
#1933=EDGE_CURVE('',#1628,#661,#1932,.T.);
#1934=ORIENTED_EDGE('',*,*,#1933,.F.);
#1935=ORIENTED_EDGE('',*,*,#1634,.F.);
#1936=ORIENTED_EDGE('',*,*,#1641,.F.);
#1937=ORIENTED_EDGE('',*,*,#1933,.T.);
#1938=ORIENTED_EDGE('',*,*,#667,.F.);
#1939=EDGE_LOOP('',(#1934,#1935,#1936,#1937,#1938));
#1940=FACE_BOUND('',#1939,.T.);
#1941=ADVANCED_FACE('',(#1940),#1927,.F.);
#1942=CARTESIAN_POINT('',(-27.136786551,14.375,31.919983519));
#1943=DIRECTION('',(-0.,-0.,-1.));
#1944=DIRECTION('',(-1.,0.,0.));
#1945=AXIS2_PLACEMENT_3D('',#1942,#1943,#1944);
#1946=TOROIDAL_SURFACE('',#1945,3.13198097,2.);
#1947=CARTESIAN_POINT('',(-30.268767521,14.375,31.919983519));
#1948=DIRECTION('',(-0.,1.,-0.));
#1949=DIRECTION('',(-1.,0.,0.));
#1950=AXIS2_PLACEMENT_3D('',#1947,#1948,#1949);
#1951=CIRCLE('',#1950,2.);
#1952=EDGE_CURVE('',#952,#672,#1951,.T.);
#1953=ORIENTED_EDGE('',*,*,#1952,.F.);
#1954=ORIENTED_EDGE('',*,*,#958,.F.);
#1955=ORIENTED_EDGE('',*,*,#965,.F.);
#1956=ORIENTED_EDGE('',*,*,#1952,.T.);
#1957=ORIENTED_EDGE('',*,*,#678,.F.);
#1958=EDGE_LOOP('',(#1953,#1954,#1955,#1956,#1957));
#1959=FACE_BOUND('',#1958,.T.);
#1960=ADVANCED_FACE('',(#1959),#1946,.F.);
#1961=CARTESIAN_POINT('',(-27.136786551,-13.565,31.919983519));
#1962=DIRECTION('',(-0.,-0.,-1.));
#1963=DIRECTION('',(-1.,0.,0.));
#1964=AXIS2_PLACEMENT_3D('',#1961,#1962,#1963);
#1965=TOROIDAL_SURFACE('',#1964,3.074129074,2.);
#1966=CARTESIAN_POINT('',(-30.210915625,-13.565,31.919983519));
#1967=DIRECTION('',(-0.,1.,-0.));
#1968=DIRECTION('',(-1.,0.,0.));
#1969=AXIS2_PLACEMENT_3D('',#1966,#1967,#1968);
#1970=CIRCLE('',#1969,2.);
#1971=EDGE_CURVE('',#1351,#683,#1970,.T.);
#1972=ORIENTED_EDGE('',*,*,#1971,.F.);
#1973=ORIENTED_EDGE('',*,*,#1357,.F.);
#1974=ORIENTED_EDGE('',*,*,#1364,.F.);
#1975=ORIENTED_EDGE('',*,*,#1971,.T.);
#1976=ORIENTED_EDGE('',*,*,#689,.F.);
#1977=EDGE_LOOP('',(#1972,#1973,#1974,#1975,#1976));
#1978=FACE_BOUND('',#1977,.T.);
#1979=ADVANCED_FACE('',(#1978),#1965,.F.);
#1980=CARTESIAN_POINT('',(-57.616786551,19.455,31.919983519));
#1981=DIRECTION('',(-0.,-0.,-1.));
#1982=DIRECTION('',(-1.,0.,0.));
#1983=AXIS2_PLACEMENT_3D('',#1980,#1981,#1982);
#1984=TOROIDAL_SURFACE('',#1983,3.216171789,2.);
#1985=CARTESIAN_POINT('',(-60.832958341,19.455,31.919983519));
#1986=DIRECTION('',(-0.,1.,-0.));
#1987=DIRECTION('',(-1.,0.,0.));
#1988=AXIS2_PLACEMENT_3D('',#1985,#1986,#1987);
#1989=CIRCLE('',#1988,2.);
#1990=EDGE_CURVE('',#1182,#694,#1989,.T.);
#1991=ORIENTED_EDGE('',*,*,#1990,.F.);
#1992=ORIENTED_EDGE('',*,*,#1188,.F.);
#1993=ORIENTED_EDGE('',*,*,#1195,.F.);
#1994=ORIENTED_EDGE('',*,*,#1990,.T.);
#1995=ORIENTED_EDGE('',*,*,#700,.F.);
#1996=EDGE_LOOP('',(#1991,#1992,#1993,#1994,#1995));
#1997=FACE_BOUND('',#1996,.T.);
#1998=ADVANCED_FACE('',(#1997),#1984,.F.);
#1999=CLOSED_SHELL('',(#66,#106,#192,#246,#272,#307,#422,#453,#484,#524,#555,#586,#603,#620,#632,#865,#887,#899,#911,#937,#972,#1003,#1027,#1051,#1068,#1080,
#1106,#1141,#1167,#1202,#1233,#1257,#1281,#1298,#1310,#1336,#1371,#1402,#1426,#1450,#1467,#1479,#1510,#1534,#1558,#1575,#1587,#1613,#1648,#1660,#1672,
#1690,#1714,#1732,#1749,#1766,#1784,#1802,#1820,#1838,#1855,#1872,#1884,#1903,#1922,#1941,#1960,#1979,#1998));
#2000=MANIFOLD_SOLID_BREP('Body 157',#1999);
#2001=COLOUR_RGB('',0.627451003,0.627451003,0.643137276);
#2002=FILL_AREA_STYLE_COLOUR('',#2001);
#2003=FILL_AREA_STYLE('',(#2002));
#2004=SURFACE_STYLE_FILL_AREA(#2003);
#2005=SURFACE_SIDE_STYLE('',(#2004));
#2006=SURFACE_STYLE_USAGE(.BOTH.,#2005);
#2007=PRESENTATION_STYLE_ASSIGNMENT((#2006));
#26=STYLED_ITEM('',(#2007),#2000);
#2009=CARTESIAN_POINT('',(-42.128777473,-35.005,33.569983519));
#2010=DIRECTION('',(0.,-0.,-1.));
#2011=DIRECTION('',(0.,1.,-0.));
#2012=AXIS2_PLACEMENT_3D('',#2009,#2010,#2011);
#2013=PLANE('',#2012);
#2014=CARTESIAN_POINT('',(44.84578234,-36.011550735,33.569983519));
#2015=VERTEX_POINT('',#2014);
#2016=CARTESIAN_POINT('',(44.84578234,-22.385,33.569983519));
#2017=VERTEX_POINT('',#2016);
#2018=CARTESIAN_POINT('',(44.84578234,-36.011550735,33.569983519));
#2019=DIRECTION('',(-0.,1.,-0.));
#2020=VECTOR('',#2019,13.626550735);
#2021=LINE('',#2018,#2020);
#2022=EDGE_CURVE('',#2015,#2017,#2021,.T.);
#2023=ORIENTED_EDGE('',*,*,#2022,.T.);
#2024=CARTESIAN_POINT('',(47.24578234,-22.385,33.569983519));
#2025=VERTEX_POINT('',#2024);
#2026=CARTESIAN_POINT('',(44.84578234,-22.385,33.569983519));
#2027=DIRECTION('',(1.,0.,-0.));
#2028=VECTOR('',#2027,2.4);
#2029=LINE('',#2026,#2028);
#2030=EDGE_CURVE('',#2017,#2025,#2029,.T.);
#2031=ORIENTED_EDGE('',*,*,#2030,.T.);
#2032=CARTESIAN_POINT('',(47.24578234,-36.011550735,33.569983519));
#2033=VERTEX_POINT('',#2032);
#2034=CARTESIAN_POINT('',(47.24578234,-22.385,33.569983519));
#2035=DIRECTION('',(-0.,-1.,0.));
#2036=VECTOR('',#2035,13.626550735);
#2037=LINE('',#2034,#2036);
#2038=EDGE_CURVE('',#2025,#2033,#2037,.T.);
#2039=ORIENTED_EDGE('',*,*,#2038,.T.);
#2040=CARTESIAN_POINT('',(45.24578234,-38.011550735,33.569983519));
#2041=VERTEX_POINT('',#2040);
#2042=CARTESIAN_POINT('',(45.24578234,-36.011550735,33.569983519));
#2043=DIRECTION('',(0.,-0.,-1.));
#2044=DIRECTION('',(0.,1.,-0.));
#2045=AXIS2_PLACEMENT_3D('',#2042,#2043,#2044);
#2046=CIRCLE('',#2045,2.);
#2047=EDGE_CURVE('',#2033,#2041,#2046,.T.);
#2048=ORIENTED_EDGE('',*,*,#2047,.T.);
#2049=CARTESIAN_POINT('',(-64.696786551,-38.011550735,33.569983519));
#2050=VERTEX_POINT('',#2049);
#2051=CARTESIAN_POINT('',(-64.696786551,-38.011550735,33.569983519));
#2052=DIRECTION('',(1.,-0.,0.));
#2053=VECTOR('',#2052,109.942568891);
#2054=LINE('',#2051,#2053);
#2055=EDGE_CURVE('',#2050,#2041,#2054,.T.);
#2056=ORIENTED_EDGE('',*,*,#2055,.F.);
#2057=CARTESIAN_POINT('',(-66.696786551,-36.011550735,33.569983519));
#2058=VERTEX_POINT('',#2057);
#2059=CARTESIAN_POINT('',(-64.696786551,-36.011550735,33.569983519));
#2060=DIRECTION('',(0.,-0.,-1.));
#2061=DIRECTION('',(0.,1.,-0.));
#2062=AXIS2_PLACEMENT_3D('',#2059,#2060,#2061);
#2063=CIRCLE('',#2062,2.);
#2064=EDGE_CURVE('',#2050,#2058,#2063,.T.);
#2065=ORIENTED_EDGE('',*,*,#2064,.T.);
#2066=CARTESIAN_POINT('',(-66.696786551,26.301550735,33.569983519));
#2067=VERTEX_POINT('',#2066);
#2068=CARTESIAN_POINT('',(-66.696786551,-36.011550735,33.569983519));
#2069=DIRECTION('',(-0.,1.,-0.));
#2070=VECTOR('',#2069,62.31310147);
#2071=LINE('',#2068,#2070);
#2072=EDGE_CURVE('',#2058,#2067,#2071,.T.);
#2073=ORIENTED_EDGE('',*,*,#2072,.T.);
#2074=CARTESIAN_POINT('',(-64.696786551,28.301550735,33.569983519));
#2075=VERTEX_POINT('',#2074);
#2076=CARTESIAN_POINT('',(-64.696786551,26.301550735,33.569983519));
#2077=DIRECTION('',(0.,-0.,-1.));
#2078=DIRECTION('',(0.,1.,-0.));
#2079=AXIS2_PLACEMENT_3D('',#2076,#2077,#2078);
#2080=CIRCLE('',#2079,2.);
#2081=EDGE_CURVE('',#2067,#2075,#2080,.T.);
#2082=ORIENTED_EDGE('',*,*,#2081,.T.);
#2083=CARTESIAN_POINT('',(45.24578234,28.301550735,33.569983519));
#2084=VERTEX_POINT('',#2083);
#2085=CARTESIAN_POINT('',(45.24578234,28.301550735,33.569983519));
#2086=DIRECTION('',(-1.,-0.,0.));
#2087=VECTOR('',#2086,109.942568891);
#2088=LINE('',#2085,#2087);
#2089=EDGE_CURVE('',#2084,#2075,#2088,.T.);
#2090=ORIENTED_EDGE('',*,*,#2089,.F.);
#2091=CARTESIAN_POINT('',(47.24578234,26.301550735,33.569983519));
#2092=VERTEX_POINT('',#2091);
#2093=CARTESIAN_POINT('',(45.24578234,26.301550735,33.569983519));
#2094=DIRECTION('',(0.,-0.,-1.));
#2095=DIRECTION('',(0.,1.,-0.));
#2096=AXIS2_PLACEMENT_3D('',#2093,#2094,#2095);
#2097=CIRCLE('',#2096,2.);
#2098=EDGE_CURVE('',#2084,#2092,#2097,.T.);
#2099=ORIENTED_EDGE('',*,*,#2098,.T.);
#2100=CARTESIAN_POINT('',(47.24578234,5.235,33.569983519));
#2101=VERTEX_POINT('',#2100);
#2102=CARTESIAN_POINT('',(47.24578234,26.301550735,33.569983519));
#2103=DIRECTION('',(-0.,-1.,0.));
#2104=VECTOR('',#2103,21.066550735);
#2105=LINE('',#2102,#2104);
#2106=EDGE_CURVE('',#2092,#2101,#2105,.T.);
#2107=ORIENTED_EDGE('',*,*,#2106,.T.);
#2108=CARTESIAN_POINT('',(44.84578234,5.235,33.569983519));
#2109=VERTEX_POINT('',#2108);
#2110=CARTESIAN_POINT('',(47.24578234,5.235,33.569983519));
#2111=DIRECTION('',(-1.,-0.,0.));
#2112=VECTOR('',#2111,2.4);
#2113=LINE('',#2110,#2112);
#2114=EDGE_CURVE('',#2101,#2109,#2113,.T.);
#2115=ORIENTED_EDGE('',*,*,#2114,.T.);
#2116=CARTESIAN_POINT('',(44.84578234,26.301550735,33.569983519));
#2117=VERTEX_POINT('',#2116);
#2118=CARTESIAN_POINT('',(44.84578234,5.235,33.569983519));
#2119=DIRECTION('',(-0.,1.,-0.));
#2120=VECTOR('',#2119,21.066550735);
#2121=LINE('',#2118,#2120);
#2122=EDGE_CURVE('',#2109,#2117,#2121,.T.);
#2123=ORIENTED_EDGE('',*,*,#2122,.T.);
#2124=CARTESIAN_POINT('',(-64.696786551,26.301550735,33.569983519));
#2125=VERTEX_POINT('',#2124);
#2126=CARTESIAN_POINT('',(44.84578234,26.301550735,33.569983519));
#2127=DIRECTION('',(-1.,-0.,0.));
#2128=VECTOR('',#2127,109.542568891);
#2129=LINE('',#2126,#2128);
#2130=EDGE_CURVE('',#2117,#2125,#2129,.T.);
#2131=ORIENTED_EDGE('',*,*,#2130,.T.);
#2132=CARTESIAN_POINT('',(-64.696786551,-36.011550735,33.569983519));
#2133=VERTEX_POINT('',#2132);
#2134=CARTESIAN_POINT('',(-64.696786551,26.301550735,33.569983519));
#2135=DIRECTION('',(0.,-1.,0.));
#2136=VECTOR('',#2135,62.31310147);
#2137=LINE('',#2134,#2136);
#2138=EDGE_CURVE('',#2125,#2133,#2137,.T.);
#2139=ORIENTED_EDGE('',*,*,#2138,.T.);
#2140=CARTESIAN_POINT('',(-64.696786551,-36.011550735,33.569983519));
#2141=DIRECTION('',(1.,0.,-0.));
#2142=VECTOR('',#2141,109.542568891);
#2143=LINE('',#2140,#2142);
#2144=EDGE_CURVE('',#2133,#2015,#2143,.T.);
#2145=ORIENTED_EDGE('',*,*,#2144,.T.);
#2146=EDGE_LOOP('',(#2023,#2031,#2039,#2048,#2056,#2065,#2073,#2082,#2090,#2099,#2107,#2115,#2123,#2131,#2139,#2145));
#2147=FACE_BOUND('',#2146,.T.);
#2148=ADVANCED_FACE('',(#2147),#2013,.T.);
#2149=CARTESIAN_POINT('',(43.84578234,-4.855,55.569983519));
#2150=DIRECTION('',(1.,0.,-0.));
#2151=DIRECTION('',(-0.,0.,-1.));
#2152=AXIS2_PLACEMENT_3D('',#2149,#2150,#2151);
#2153=PLANE('',#2152);
#2154=CARTESIAN_POINT('',(43.84578234,22.895,51.569983519));
#2155=VERTEX_POINT('',#2154);
#2156=CARTESIAN_POINT('',(43.84578234,-32.605,51.569983519));
#2157=VERTEX_POINT('',#2156);
#2158=CARTESIAN_POINT('',(43.84578234,22.895,51.569983519));
#2159=DIRECTION('',(0.,-1.,0.));
#2160=VECTOR('',#2159,55.5);
#2161=LINE('',#2158,#2160);
#2162=EDGE_CURVE('',#2155,#2157,#2161,.T.);
#2163=ORIENTED_EDGE('',*,*,#2162,.F.);
#2164=CARTESIAN_POINT('',(43.84578234,22.895,50.069983519));
#2165=VERTEX_POINT('',#2164);
#2166=CARTESIAN_POINT('',(43.84578234,22.895,51.569983519));
#2167=DIRECTION('',(-0.,-0.,-1.));
#2168=VECTOR('',#2167,1.5);
#2169=LINE('',#2166,#2168);
#2170=EDGE_CURVE('',#2155,#2165,#2169,.T.);
#2171=ORIENTED_EDGE('',*,*,#2170,.T.);
#2172=CARTESIAN_POINT('',(43.84578234,-32.605,50.069983519));
#2173=VERTEX_POINT('',#2172);
#2174=CARTESIAN_POINT('',(43.84578234,-32.605,50.069983519));
#2175=DIRECTION('',(-0.,1.,-0.));
#2176=VECTOR('',#2175,55.5);
#2177=LINE('',#2174,#2176);
#2178=EDGE_CURVE('',#2173,#2165,#2177,.T.);
#2179=ORIENTED_EDGE('',*,*,#2178,.F.);
#2180=CARTESIAN_POINT('',(43.84578234,-32.605,51.569983519));
#2181=DIRECTION('',(-0.,0.,-1.));
#2182=VECTOR('',#2181,1.5);
#2183=LINE('',#2180,#2182);
#2184=EDGE_CURVE('',#2157,#2173,#2183,.T.);
#2185=ORIENTED_EDGE('',*,*,#2184,.F.);
#2186=EDGE_LOOP('',(#2163,#2171,#2179,#2185));
#2187=FACE_BOUND('',#2186,.T.);
#2188=ADVANCED_FACE('',(#2187),#2153,.F.);
#2189=CARTESIAN_POINT('',(-65.060768396,-32.605,40.187169173));
#2190=DIRECTION('',(-0.,-1.,0.));
#2191=DIRECTION('',(1.,-0.,0.));
#2192=AXIS2_PLACEMENT_3D('',#2189,#2190,#2191);
#2193=PLANE('',#2192);
#2194=CARTESIAN_POINT('',(-41.196786551,-32.605,51.569983519));
#2195=VERTEX_POINT('',#2194);
#2196=CARTESIAN_POINT('',(43.84578234,-32.605,51.569983519));
#2197=DIRECTION('',(-1.,0.,-0.));
#2198=VECTOR('',#2197,85.042568891);
#2199=LINE('',#2196,#2198);
#2200=EDGE_CURVE('',#2157,#2195,#2199,.T.);
#2201=ORIENTED_EDGE('',*,*,#2200,.F.);
#2202=ORIENTED_EDGE('',*,*,#2184,.T.);
#2203=CARTESIAN_POINT('',(-41.196786551,-32.605,50.069983519));
#2204=VERTEX_POINT('',#2203);
#2205=CARTESIAN_POINT('',(-41.196786551,-32.605,50.069983519));
#2206=DIRECTION('',(1.,-0.,-0.));
#2207=VECTOR('',#2206,85.042568891);
#2208=LINE('',#2205,#2207);
#2209=EDGE_CURVE('',#2204,#2173,#2208,.T.);
#2210=ORIENTED_EDGE('',*,*,#2209,.F.);
#2211=CARTESIAN_POINT('',(-41.196786551,-32.605,50.069983519));
#2212=DIRECTION('',(0.,0.,1.));
#2213=VECTOR('',#2212,1.5);
#2214=LINE('',#2211,#2213);
#2215=EDGE_CURVE('',#2204,#2195,#2214,.T.);
#2216=ORIENTED_EDGE('',*,*,#2215,.T.);
#2217=EDGE_LOOP('',(#2201,#2202,#2210,#2216));
#2218=FACE_BOUND('',#2217,.T.);
#2219=ADVANCED_FACE('',(#2218),#2193,.F.);
#2220=CARTESIAN_POINT('',(1.303213449,22.895,55.569983519));
#2221=DIRECTION('',(0.,-1.,0.));
#2222=DIRECTION('',(0.,-0.,-1.));
#2223=AXIS2_PLACEMENT_3D('',#2220,#2221,#2222);
#2224=PLANE('',#2223);
#2225=ORIENTED_EDGE('',*,*,#2170,.F.);
#2226=CARTESIAN_POINT('',(-41.196786551,22.895,51.569983519));
#2227=VERTEX_POINT('',#2226);
#2228=CARTESIAN_POINT('',(43.84578234,22.895,51.569983519));
#2229=DIRECTION('',(-1.,-0.,-0.));
#2230=VECTOR('',#2229,85.042568891);
#2231=LINE('',#2228,#2230);
#2232=EDGE_CURVE('',#2155,#2227,#2231,.T.);
#2233=ORIENTED_EDGE('',*,*,#2232,.T.);
#2234=CARTESIAN_POINT('',(-41.196786551,22.895,50.069983519));
#2235=VERTEX_POINT('',#2234);
#2236=CARTESIAN_POINT('',(-41.196786551,22.895,51.569983519));
#2237=DIRECTION('',(-0.,-0.,-1.));
#2238=VECTOR('',#2237,1.5);
#2239=LINE('',#2236,#2238);
#2240=EDGE_CURVE('',#2227,#2235,#2239,.T.);
#2241=ORIENTED_EDGE('',*,*,#2240,.T.);
#2242=CARTESIAN_POINT('',(-41.196786551,22.895,50.069983519));
#2243=DIRECTION('',(1.,0.,-0.));
#2244=VECTOR('',#2243,85.042568891);
#2245=LINE('',#2242,#2244);
#2246=EDGE_CURVE('',#2235,#2165,#2245,.T.);
#2247=ORIENTED_EDGE('',*,*,#2246,.T.);
#2248=EDGE_LOOP('',(#2225,#2233,#2241,#2247));
#2249=FACE_BOUND('',#2248,.T.);
#2250=ADVANCED_FACE('',(#2249),#2224,.T.);
#2251=CARTESIAN_POINT('',(47.24578234,15.795,51.586534016));
#2252=DIRECTION('',(-1.,0.,0.));
#2253=DIRECTION('',(0.,0.,1.));
#2254=AXIS2_PLACEMENT_3D('',#2251,#2252,#2253);
#2255=PLANE('',#2254);
#2256=CARTESIAN_POINT('',(47.24578234,-22.385,46.809983518));
#2257=VERTEX_POINT('',#2256);
#2258=CARTESIAN_POINT('',(47.24578234,-9.765,46.809983518));
#2259=VERTEX_POINT('',#2258);
#2260=CARTESIAN_POINT('',(47.24578234,-22.385,46.809983518));
#2261=DIRECTION('',(0.,1.,-0.));
#2262=VECTOR('',#2261,12.62);
#2263=LINE('',#2260,#2262);
#2264=EDGE_CURVE('',#2257,#2259,#2263,.T.);
#2265=ORIENTED_EDGE('',*,*,#2264,.T.);
#2266=CARTESIAN_POINT('',(47.24578234,-9.765,33.569983519));
#2267=VERTEX_POINT('',#2266);
#2268=CARTESIAN_POINT('',(47.24578234,-9.765,46.809983518));
#2269=DIRECTION('',(-0.,-0.,-1.));
#2270=VECTOR('',#2269,13.239999999);
#2271=LINE('',#2268,#2270);
#2272=EDGE_CURVE('',#2259,#2267,#2271,.T.);
#2273=ORIENTED_EDGE('',*,*,#2272,.T.);
#2274=CARTESIAN_POINT('',(47.24578234,-6.265,33.569983519));
#2275=VERTEX_POINT('',#2274);
#2276=CARTESIAN_POINT('',(47.24578234,-6.265,33.569983519));
#2277=DIRECTION('',(-0.,-1.,0.));
#2278=VECTOR('',#2277,3.5);
#2279=LINE('',#2276,#2278);
#2280=EDGE_CURVE('',#2275,#2267,#2279,.T.);
#2281=ORIENTED_EDGE('',*,*,#2280,.F.);
#2282=CARTESIAN_POINT('',(47.24578234,-6.265,50.398410643));
#2283=VERTEX_POINT('',#2282);
#2284=CARTESIAN_POINT('',(47.24578234,-6.265,33.569983519));
#2285=DIRECTION('',(0.,0.,1.));
#2286=VECTOR('',#2285,16.828427125);
#2287=LINE('',#2284,#2286);
#2288=EDGE_CURVE('',#2275,#2283,#2287,.T.);
#2289=ORIENTED_EDGE('',*,*,#2288,.T.);
#2290=CARTESIAN_POINT('',(47.24578234,5.235,50.398410643));
#2291=VERTEX_POINT('',#2290);
#2292=CARTESIAN_POINT('',(47.24578234,-6.265,50.398410643));
#2293=DIRECTION('',(0.,1.,-0.));
#2294=VECTOR('',#2293,11.5);
#2295=LINE('',#2292,#2294);
#2296=EDGE_CURVE('',#2283,#2291,#2295,.T.);
#2297=ORIENTED_EDGE('',*,*,#2296,.T.);
#2298=CARTESIAN_POINT('',(47.24578234,5.235,33.569983519));
#2299=DIRECTION('',(0.,0.,1.));
#2300=VECTOR('',#2299,16.828427125);
#2301=LINE('',#2298,#2300);
#2302=EDGE_CURVE('',#2101,#2291,#2301,.T.);
#2303=ORIENTED_EDGE('',*,*,#2302,.F.);
#2304=ORIENTED_EDGE('',*,*,#2106,.F.);
#2305=CARTESIAN_POINT('',(47.24578234,26.301550735,51.569983519));
#2306=VERTEX_POINT('',#2305);
#2307=CARTESIAN_POINT('',(47.24578234,26.301550735,33.569983519));
#2308=DIRECTION('',(0.,0.,1.));
#2309=VECTOR('',#2308,18.);
#2310=LINE('',#2307,#2309);
#2311=EDGE_CURVE('',#2092,#2306,#2310,.T.);
#2312=ORIENTED_EDGE('',*,*,#2311,.T.);
#2313=CARTESIAN_POINT('',(47.24578234,-36.011550735,51.569983519));
#2314=VERTEX_POINT('',#2313);
#2315=CARTESIAN_POINT('',(47.24578234,-36.011550735,51.569983519));
#2316=DIRECTION('',(0.,1.,-0.));
#2317=VECTOR('',#2316,62.31310147);
#2318=LINE('',#2315,#2317);
#2319=EDGE_CURVE('',#2314,#2306,#2318,.T.);
#2320=ORIENTED_EDGE('',*,*,#2319,.F.);
#2321=CARTESIAN_POINT('',(47.24578234,-36.011550735,51.569983519));
#2322=DIRECTION('',(-0.,0.,-1.));
#2323=VECTOR('',#2322,18.);
#2324=LINE('',#2321,#2323);
#2325=EDGE_CURVE('',#2314,#2033,#2324,.T.);
#2326=ORIENTED_EDGE('',*,*,#2325,.T.);
#2327=ORIENTED_EDGE('',*,*,#2038,.F.);
#2328=CARTESIAN_POINT('',(47.24578234,-22.385,33.569983519));
#2329=DIRECTION('',(0.,0.,1.));
#2330=VECTOR('',#2329,13.239999999);
#2331=LINE('',#2328,#2330);
#2332=EDGE_CURVE('',#2025,#2257,#2331,.T.);
#2333=ORIENTED_EDGE('',*,*,#2332,.T.);
#2334=EDGE_LOOP('',(#2265,#2273,#2281,#2289,#2297,#2303,#2304,#2312,#2320,#2326,#2327,#2333));
#2335=FACE_BOUND('',#2334,.T.);
#2336=ADVANCED_FACE('',(#2335),#2255,.F.);
#2337=CARTESIAN_POINT('',(45.24578234,-36.011550735,51.586534016));
#2338=DIRECTION('',(-0.,0.,-1.));
#2339=DIRECTION('',(0.,1.,0.));
#2340=AXIS2_PLACEMENT_3D('',#2337,#2338,#2339);
#2341=CYLINDRICAL_SURFACE('',#2340,2.);
#2342=ORIENTED_EDGE('',*,*,#2325,.F.);
#2343=CARTESIAN_POINT('',(45.24578234,-38.011550735,51.569983519));
#2344=VERTEX_POINT('',#2343);
#2345=CARTESIAN_POINT('',(45.24578234,-36.011550735,51.569983519));
#2346=DIRECTION('',(0.,-0.,-1.));
#2347=DIRECTION('',(1.,0.,0.));
#2348=AXIS2_PLACEMENT_3D('',#2345,#2346,#2347);
#2349=CIRCLE('',#2348,2.);
#2350=EDGE_CURVE('',#2314,#2344,#2349,.T.);
#2351=ORIENTED_EDGE('',*,*,#2350,.T.);
#2352=CARTESIAN_POINT('',(45.24578234,-38.011550735,33.569983519));
#2353=DIRECTION('',(0.,-0.,1.));
#2354=VECTOR('',#2353,18.);
#2355=LINE('',#2352,#2354);
#2356=EDGE_CURVE('',#2041,#2344,#2355,.T.);
#2357=ORIENTED_EDGE('',*,*,#2356,.F.);
#2358=ORIENTED_EDGE('',*,*,#2047,.F.);
#2359=EDGE_LOOP('',(#2342,#2351,#2357,#2358));
#2360=FACE_BOUND('',#2359,.T.);
#2361=ADVANCED_FACE('',(#2360),#2341,.T.);
#2362=CARTESIAN_POINT('',(-65.060768396,-38.011550735,51.586534016));
#2363=DIRECTION('',(-0.,-1.,-0.));
#2364=DIRECTION('',(0.,0.,-1.));
#2365=AXIS2_PLACEMENT_3D('',#2362,#2363,#2364);
#2366=PLANE('',#2365);
#2367=ORIENTED_EDGE('',*,*,#2356,.T.);
#2368=CARTESIAN_POINT('',(-64.696786551,-38.011550735,51.569983519));
#2369=VERTEX_POINT('',#2368);
#2370=CARTESIAN_POINT('',(45.24578234,-38.011550735,51.569983519));
#2371=DIRECTION('',(-1.,0.,-0.));
#2372=VECTOR('',#2371,109.942568891);
#2373=LINE('',#2370,#2372);
#2374=EDGE_CURVE('',#2344,#2369,#2373,.T.);
#2375=ORIENTED_EDGE('',*,*,#2374,.T.);
#2376=CARTESIAN_POINT('',(-64.696786551,-38.011550735,51.569983519));
#2377=DIRECTION('',(-0.,0.,-1.));
#2378=VECTOR('',#2377,18.);
#2379=LINE('',#2376,#2378);
#2380=EDGE_CURVE('',#2369,#2050,#2379,.T.);
#2381=ORIENTED_EDGE('',*,*,#2380,.T.);
#2382=ORIENTED_EDGE('',*,*,#2055,.T.);
#2383=EDGE_LOOP('',(#2367,#2375,#2381,#2382));
#2384=FACE_BOUND('',#2383,.T.);
#2385=ADVANCED_FACE('',(#2384),#2366,.T.);
#2386=CARTESIAN_POINT('',(-64.696786551,-36.011550735,51.586534016));
#2387=DIRECTION('',(0.,-0.,1.));
#2388=DIRECTION('',(0.,-1.,-0.));
#2389=AXIS2_PLACEMENT_3D('',#2386,#2387,#2388);
#2390=CYLINDRICAL_SURFACE('',#2389,2.);
#2391=ORIENTED_EDGE('',*,*,#2380,.F.);
#2392=CARTESIAN_POINT('',(-66.696786551,-36.011550735,51.569983519));
#2393=VERTEX_POINT('',#2392);
#2394=CARTESIAN_POINT('',(-64.696786551,-36.011550735,51.569983519));
#2395=DIRECTION('',(0.,-0.,-1.));
#2396=DIRECTION('',(1.,0.,0.));
#2397=AXIS2_PLACEMENT_3D('',#2394,#2395,#2396);
#2398=CIRCLE('',#2397,2.);
#2399=EDGE_CURVE('',#2369,#2393,#2398,.T.);
#2400=ORIENTED_EDGE('',*,*,#2399,.T.);
#2401=CARTESIAN_POINT('',(-66.696786551,-36.011550735,33.569983519));
#2402=DIRECTION('',(0.,-0.,1.));
#2403=VECTOR('',#2402,18.);
#2404=LINE('',#2401,#2403);
#2405=EDGE_CURVE('',#2058,#2393,#2404,.T.);
#2406=ORIENTED_EDGE('',*,*,#2405,.F.);
#2407=ORIENTED_EDGE('',*,*,#2064,.F.);
#2408=EDGE_LOOP('',(#2391,#2400,#2406,#2407));
#2409=FACE_BOUND('',#2408,.T.);
#2410=ADVANCED_FACE('',(#2409),#2390,.T.);
#2411=CARTESIAN_POINT('',(39.939231604,28.301550735,51.586534016));
#2412=DIRECTION('',(-0.,1.,-0.));
#2413=DIRECTION('',(0.,0.,1.));
#2414=AXIS2_PLACEMENT_3D('',#2411,#2412,#2413);
#2415=PLANE('',#2414);
#2416=CARTESIAN_POINT('',(-64.696786551,28.301550735,51.569983519));
#2417=VERTEX_POINT('',#2416);
#2418=CARTESIAN_POINT('',(-64.696786551,28.301550735,33.569983519));
#2419=DIRECTION('',(0.,0.,1.));
#2420=VECTOR('',#2419,18.);
#2421=LINE('',#2418,#2420);
#2422=EDGE_CURVE('',#2075,#2417,#2421,.T.);
#2423=ORIENTED_EDGE('',*,*,#2422,.T.);
#2424=CARTESIAN_POINT('',(45.24578234,28.301550735,51.569983519));
#2425=VERTEX_POINT('',#2424);
#2426=CARTESIAN_POINT('',(-64.696786551,28.301550735,51.569983519));
#2427=DIRECTION('',(1.,0.,0.));
#2428=VECTOR('',#2427,109.942568891);
#2429=LINE('',#2426,#2428);
#2430=EDGE_CURVE('',#2417,#2425,#2429,.T.);
#2431=ORIENTED_EDGE('',*,*,#2430,.T.);
#2432=CARTESIAN_POINT('',(45.24578234,28.301550735,51.569983519));
#2433=DIRECTION('',(-0.,-0.,-1.));
#2434=VECTOR('',#2433,18.);
#2435=LINE('',#2432,#2434);
#2436=EDGE_CURVE('',#2425,#2084,#2435,.T.);
#2437=ORIENTED_EDGE('',*,*,#2436,.T.);
#2438=ORIENTED_EDGE('',*,*,#2089,.T.);
#2439=EDGE_LOOP('',(#2423,#2431,#2437,#2438));
#2440=FACE_BOUND('',#2439,.T.);
#2441=ADVANCED_FACE('',(#2440),#2415,.T.);
#2442=CARTESIAN_POINT('',(-64.696786551,26.301550735,-0.));
#2443=DIRECTION('',(0.,0.,1.));
#2444=DIRECTION('',(0.,-1.,0.));
#2445=AXIS2_PLACEMENT_3D('',#2442,#2443,#2444);
#2446=CYLINDRICAL_SURFACE('',#2445,2.);
#2447=CARTESIAN_POINT('',(-66.696786551,26.301550735,51.569983519));
#2448=VERTEX_POINT('',#2447);
#2449=CARTESIAN_POINT('',(-66.696786551,26.301550735,51.569983519));
#2450=DIRECTION('',(-0.,-0.,-1.));
#2451=VECTOR('',#2450,18.);
#2452=LINE('',#2449,#2451);
#2453=EDGE_CURVE('',#2448,#2067,#2452,.T.);
#2454=ORIENTED_EDGE('',*,*,#2453,.F.);
#2455=CARTESIAN_POINT('',(-64.696786551,26.301550735,51.569983519));
#2456=DIRECTION('',(0.,-0.,-1.));
#2457=DIRECTION('',(1.,0.,0.));
#2458=AXIS2_PLACEMENT_3D('',#2455,#2456,#2457);
#2459=CIRCLE('',#2458,2.);
#2460=EDGE_CURVE('',#2448,#2417,#2459,.T.);
#2461=ORIENTED_EDGE('',*,*,#2460,.T.);
#2462=ORIENTED_EDGE('',*,*,#2422,.F.);
#2463=ORIENTED_EDGE('',*,*,#2081,.F.);
#2464=EDGE_LOOP('',(#2454,#2461,#2462,#2463));
#2465=FACE_BOUND('',#2464,.T.);
#2466=ADVANCED_FACE('',(#2465),#2446,.T.);
#2467=CARTESIAN_POINT('',(45.24578234,26.301550735,51.586534016));
#2468=DIRECTION('',(-0.,-0.,-1.));
#2469=DIRECTION('',(-1.,0.,0.));
#2470=AXIS2_PLACEMENT_3D('',#2467,#2468,#2469);
#2471=CYLINDRICAL_SURFACE('',#2470,2.);
#2472=ORIENTED_EDGE('',*,*,#2436,.F.);
#2473=CARTESIAN_POINT('',(45.24578234,26.301550735,51.569983519));
#2474=DIRECTION('',(0.,-0.,-1.));
#2475=DIRECTION('',(1.,0.,0.));
#2476=AXIS2_PLACEMENT_3D('',#2473,#2474,#2475);
#2477=CIRCLE('',#2476,2.);
#2478=EDGE_CURVE('',#2425,#2306,#2477,.T.);
#2479=ORIENTED_EDGE('',*,*,#2478,.T.);
#2480=ORIENTED_EDGE('',*,*,#2311,.F.);
#2481=ORIENTED_EDGE('',*,*,#2098,.F.);
#2482=EDGE_LOOP('',(#2472,#2479,#2480,#2481));
#2483=FACE_BOUND('',#2482,.T.);
#2484=ADVANCED_FACE('',(#2483),#2471,.T.);
#2485=CARTESIAN_POINT('',(-41.196786551,-35.005,53.569983519));
#2486=DIRECTION('',(1.,0.,0.));
#2487=DIRECTION('',(0.,0.,-1.));
#2488=AXIS2_PLACEMENT_3D('',#2485,#2486,#2487);
#2489=PLANE('',#2488);
#2490=ORIENTED_EDGE('',*,*,#2240,.F.);
#2491=CARTESIAN_POINT('',(-41.196786551,22.895,51.569983519));
#2492=DIRECTION('',(0.,-1.,0.));
#2493=VECTOR('',#2492,55.5);
#2494=LINE('',#2491,#2493);
#2495=EDGE_CURVE('',#2227,#2195,#2494,.T.);
#2496=ORIENTED_EDGE('',*,*,#2495,.T.);
#2497=ORIENTED_EDGE('',*,*,#2215,.F.);
#2498=CARTESIAN_POINT('',(-41.196786551,-32.605,50.069983519));
#2499=DIRECTION('',(0.,1.,-0.));
#2500=VECTOR('',#2499,55.5);
#2501=LINE('',#2498,#2500);
#2502=EDGE_CURVE('',#2204,#2235,#2501,.T.);
#2503=ORIENTED_EDGE('',*,*,#2502,.T.);
#2504=EDGE_LOOP('',(#2490,#2496,#2497,#2503));
#2505=FACE_BOUND('',#2504,.T.);
#2506=ADVANCED_FACE('',(#2505),#2489,.T.);
#2507=CARTESIAN_POINT('',(-66.696786551,-20.165768396,0.));
#2508=DIRECTION('',(1.,0.,-0.));
#2509=DIRECTION('',(-0.,1.,0.));
#2510=AXIS2_PLACEMENT_3D('',#2507,#2508,#2509);
#2511=PLANE('',#2510);
#2512=CARTESIAN_POINT('',(-66.696786551,26.301550735,51.569983519));
#2513=DIRECTION('',(0.,-1.,0.));
#2514=VECTOR('',#2513,62.31310147);
#2515=LINE('',#2512,#2514);
#2516=EDGE_CURVE('',#2448,#2393,#2515,.T.);
#2517=ORIENTED_EDGE('',*,*,#2516,.F.);
#2518=ORIENTED_EDGE('',*,*,#2453,.T.);
#2519=ORIENTED_EDGE('',*,*,#2072,.F.);
#2520=ORIENTED_EDGE('',*,*,#2405,.T.);
#2521=EDGE_LOOP('',(#2517,#2518,#2519,#2520));
#2522=FACE_BOUND('',#2521,.T.);
#2523=ADVANCED_FACE('',(#2522),#2511,.F.);
#2524=CARTESIAN_POINT('',(45.24578234,15.795,50.398410643));
#2525=DIRECTION('',(-0.,-1.,0.));
#2526=DIRECTION('',(1.,-0.,0.));
#2527=AXIS2_PLACEMENT_3D('',#2524,#2525,#2526);
#2528=CYLINDRICAL_SURFACE('',#2527,2.);
#2529=CARTESIAN_POINT('',(44.803213449,5.235,48.447992028));
#2530=VERTEX_POINT('',#2529);
#2531=CARTESIAN_POINT('',(45.24578234,5.235,50.398410643));
#2532=DIRECTION('',(-0.,1.,-0.));
#2533=DIRECTION('',(0.,-0.,-1.));
#2534=AXIS2_PLACEMENT_3D('',#2531,#2532,#2533);
#2535=CIRCLE('',#2534,2.);
#2536=EDGE_CURVE('',#2291,#2530,#2535,.T.);
#2537=ORIENTED_EDGE('',*,*,#2536,.F.);
#2538=ORIENTED_EDGE('',*,*,#2296,.F.);
#2539=CARTESIAN_POINT('',(44.803213449,-6.265,48.447992028));
#2540=VERTEX_POINT('',#2539);
#2541=CARTESIAN_POINT('',(45.24578234,-6.265,50.398410643));
#2542=DIRECTION('',(-0.,1.,-0.));
#2543=DIRECTION('',(0.,-0.,-1.));
#2544=AXIS2_PLACEMENT_3D('',#2541,#2542,#2543);
#2545=CIRCLE('',#2544,2.);
#2546=EDGE_CURVE('',#2283,#2540,#2545,.T.);
#2547=ORIENTED_EDGE('',*,*,#2546,.T.);
#2548=CARTESIAN_POINT('',(44.803213449,-6.265,48.447992028));
#2549=DIRECTION('',(0.,1.,-0.));
#2550=VECTOR('',#2549,11.5);
#2551=LINE('',#2548,#2550);
#2552=EDGE_CURVE('',#2540,#2530,#2551,.T.);
#2553=ORIENTED_EDGE('',*,*,#2552,.T.);
#2554=EDGE_LOOP('',(#2537,#2538,#2547,#2553));
#2555=FACE_BOUND('',#2554,.T.);
#2556=ADVANCED_FACE('',(#2555),#2528,.T.);
#2557=CARTESIAN_POINT('',(43.841218024,5.235,39.693199286));
#2558=DIRECTION('',(0.,-1.,0.));
#2559=DIRECTION('',(0.,-0.,-1.));
#2560=AXIS2_PLACEMENT_3D('',#2557,#2558,#2559);
#2561=PLANE('',#2560);
#2562=CARTESIAN_POINT('',(44.84578234,5.235,36.559983519));
#2563=VERTEX_POINT('',#2562);
#2564=CARTESIAN_POINT('',(44.803213449,5.235,36.559983519));
#2565=VERTEX_POINT('',#2564);
#2566=CARTESIAN_POINT('',(44.84578234,5.235,36.559983519));
#2567=DIRECTION('',(-1.,-0.,0.));
#2568=VECTOR('',#2567,0.042568891);
#2569=LINE('',#2566,#2568);
#2570=EDGE_CURVE('',#2563,#2565,#2569,.T.);
#2571=ORIENTED_EDGE('',*,*,#2570,.F.);
#2572=CARTESIAN_POINT('',(44.84578234,5.235,36.559983519));
#2573=DIRECTION('',(-0.,-0.,-1.));
#2574=VECTOR('',#2573,2.99);
#2575=LINE('',#2572,#2574);
#2576=EDGE_CURVE('',#2563,#2109,#2575,.T.);
#2577=ORIENTED_EDGE('',*,*,#2576,.T.);
#2578=ORIENTED_EDGE('',*,*,#2114,.F.);
#2579=ORIENTED_EDGE('',*,*,#2302,.T.);
#2580=ORIENTED_EDGE('',*,*,#2536,.T.);
#2581=CARTESIAN_POINT('',(44.803213449,5.235,36.559983519));
#2582=DIRECTION('',(0.,0.,1.));
#2583=VECTOR('',#2582,11.888008509);
#2584=LINE('',#2581,#2583);
#2585=EDGE_CURVE('',#2565,#2530,#2584,.T.);
#2586=ORIENTED_EDGE('',*,*,#2585,.F.);
#2587=EDGE_LOOP('',(#2571,#2577,#2578,#2579,#2580,#2586));
#2588=FACE_BOUND('',#2587,.T.);
#2589=ADVANCED_FACE('',(#2588),#2561,.T.);
#2590=CARTESIAN_POINT('',(44.84578234,-4.855,55.569983519));
#2591=DIRECTION('',(1.,0.,-0.));
#2592=DIRECTION('',(-0.,0.,-1.));
#2593=AXIS2_PLACEMENT_3D('',#2590,#2591,#2592);
#2594=PLANE('',#2593);
#2595=CARTESIAN_POINT('',(44.84578234,-36.011550735,36.559983519));
#2596=VERTEX_POINT('',#2595);
#2597=CARTESIAN_POINT('',(44.84578234,-22.385,36.559983519));
#2598=VERTEX_POINT('',#2597);
#2599=CARTESIAN_POINT('',(44.84578234,-36.011550735,36.559983519));
#2600=DIRECTION('',(-0.,1.,-0.));
#2601=VECTOR('',#2600,13.626550735);
#2602=LINE('',#2599,#2601);
#2603=EDGE_CURVE('',#2596,#2598,#2602,.T.);
#2604=ORIENTED_EDGE('',*,*,#2603,.T.);
#2605=CARTESIAN_POINT('',(44.84578234,-22.385,33.569983519));
#2606=DIRECTION('',(0.,0.,1.));
#2607=VECTOR('',#2606,2.99);
#2608=LINE('',#2605,#2607);
#2609=EDGE_CURVE('',#2017,#2598,#2608,.T.);
#2610=ORIENTED_EDGE('',*,*,#2609,.F.);
#2611=ORIENTED_EDGE('',*,*,#2022,.F.);
#2612=CARTESIAN_POINT('',(44.84578234,-36.011550735,36.559983519));
#2613=DIRECTION('',(-0.,-0.,-1.));
#2614=VECTOR('',#2613,2.99);
#2615=LINE('',#2612,#2614);
#2616=EDGE_CURVE('',#2596,#2015,#2615,.T.);
#2617=ORIENTED_EDGE('',*,*,#2616,.F.);
#2618=EDGE_LOOP('',(#2604,#2610,#2611,#2617));
#2619=FACE_BOUND('',#2618,.T.);
#2620=ADVANCED_FACE('',(#2619),#2594,.F.);
#2621=CARTESIAN_POINT('',(43.841218024,-6.265,39.693199286));
#2622=DIRECTION('',(0.,-1.,0.));
#2623=DIRECTION('',(0.,-0.,-1.));
#2624=AXIS2_PLACEMENT_3D('',#2621,#2622,#2623);
#2625=PLANE('',#2624);
#2626=CARTESIAN_POINT('',(44.803213449,-6.265,33.569983519));
#2627=VERTEX_POINT('',#2626);
#2628=CARTESIAN_POINT('',(47.24578234,-6.265,33.569983519));
#2629=DIRECTION('',(-1.,-0.,0.));
#2630=VECTOR('',#2629,2.442568891);
#2631=LINE('',#2628,#2630);
#2632=EDGE_CURVE('',#2275,#2627,#2631,.T.);
#2633=ORIENTED_EDGE('',*,*,#2632,.T.);
#2634=CARTESIAN_POINT('',(44.803213449,-6.265,33.569983519));
#2635=DIRECTION('',(0.,0.,1.));
#2636=VECTOR('',#2635,14.878008509);
#2637=LINE('',#2634,#2636);
#2638=EDGE_CURVE('',#2627,#2540,#2637,.T.);
#2639=ORIENTED_EDGE('',*,*,#2638,.T.);
#2640=ORIENTED_EDGE('',*,*,#2546,.F.);
#2641=ORIENTED_EDGE('',*,*,#2288,.F.);
#2642=EDGE_LOOP('',(#2633,#2639,#2640,#2641));
#2643=FACE_BOUND('',#2642,.T.);
#2644=ADVANCED_FACE('',(#2643),#2625,.F.);
#2645=CARTESIAN_POINT('',(56.853213449,-16.025,45.009983518));
#2646=DIRECTION('',(0.,0.,1.));
#2647=DIRECTION('',(1.,0.,-0.));
#2648=AXIS2_PLACEMENT_3D('',#2645,#2646,#2647);
#2649=PLANE('',#2648);
#2650=CARTESIAN_POINT('',(45.44578234,-9.765,45.009983518));
#2651=VERTEX_POINT('',#2650);
#2652=CARTESIAN_POINT('',(44.803213449,-9.765,45.009983518));
#2653=VERTEX_POINT('',#2652);
#2654=CARTESIAN_POINT('',(45.44578234,-9.765,45.009983518));
#2655=DIRECTION('',(-1.,-0.,0.));
#2656=VECTOR('',#2655,0.642568891);
#2657=LINE('',#2654,#2656);
#2658=EDGE_CURVE('',#2651,#2653,#2657,.T.);
#2659=ORIENTED_EDGE('',*,*,#2658,.F.);
#2660=CARTESIAN_POINT('',(45.44578234,-22.385,45.009983518));
#2661=VERTEX_POINT('',#2660);
#2662=CARTESIAN_POINT('',(45.44578234,-9.765,45.009983518));
#2663=DIRECTION('',(-0.,-1.,0.));
#2664=VECTOR('',#2663,12.62);
#2665=LINE('',#2662,#2664);
#2666=EDGE_CURVE('',#2651,#2661,#2665,.T.);
#2667=ORIENTED_EDGE('',*,*,#2666,.T.);
#2668=CARTESIAN_POINT('',(44.803213449,-22.385,45.009983518));
#2669=VERTEX_POINT('',#2668);
#2670=CARTESIAN_POINT('',(45.44578234,-22.385,45.009983518));
#2671=DIRECTION('',(-1.,-0.,0.));
#2672=VECTOR('',#2671,0.642568891);
#2673=LINE('',#2670,#2672);
#2674=EDGE_CURVE('',#2661,#2669,#2673,.T.);
#2675=ORIENTED_EDGE('',*,*,#2674,.T.);
#2676=CARTESIAN_POINT('',(44.803213449,-22.385,45.009983518));
#2677=DIRECTION('',(0.,1.,0.));
#2678=VECTOR('',#2677,12.62);
#2679=LINE('',#2676,#2678);
#2680=EDGE_CURVE('',#2669,#2653,#2679,.T.);
#2681=ORIENTED_EDGE('',*,*,#2680,.T.);
#2682=EDGE_LOOP('',(#2659,#2667,#2675,#2681));
#2683=FACE_BOUND('',#2682,.T.);
#2684=ADVANCED_FACE('',(#2683),#2649,.F.);
#2685=CARTESIAN_POINT('',(56.853213449,-22.385,39.234983518));
#2686=DIRECTION('',(0.,-1.,0.));
#2687=DIRECTION('',(0.,-0.,-1.));
#2688=AXIS2_PLACEMENT_3D('',#2685,#2686,#2687);
#2689=PLANE('',#2688);
#2690=ORIENTED_EDGE('',*,*,#2030,.F.);
#2691=ORIENTED_EDGE('',*,*,#2609,.T.);
#2692=CARTESIAN_POINT('',(44.803213449,-22.385,36.559983519));
#2693=VERTEX_POINT('',#2692);
#2694=CARTESIAN_POINT('',(44.84578234,-22.385,36.559983519));
#2695=DIRECTION('',(-1.,-0.,0.));
#2696=VECTOR('',#2695,0.042568891);
#2697=LINE('',#2694,#2696);
#2698=EDGE_CURVE('',#2598,#2693,#2697,.T.);
#2699=ORIENTED_EDGE('',*,*,#2698,.T.);
#2700=CARTESIAN_POINT('',(44.803213449,-22.385,36.559983519));
#2701=DIRECTION('',(0.,0.,1.));
#2702=VECTOR('',#2701,8.449999999);
#2703=LINE('',#2700,#2702);
#2704=EDGE_CURVE('',#2693,#2669,#2703,.T.);
#2705=ORIENTED_EDGE('',*,*,#2704,.T.);
#2706=ORIENTED_EDGE('',*,*,#2674,.F.);
#2707=CARTESIAN_POINT('',(45.44578234,-22.385,46.809983518));
#2708=DIRECTION('',(0.,-1.,0.));
#2709=DIRECTION('',(0.,-0.,-1.));
#2710=AXIS2_PLACEMENT_3D('',#2707,#2708,#2709);
#2711=CIRCLE('',#2710,1.8);
#2712=EDGE_CURVE('',#2661,#2257,#2711,.T.);
#2713=ORIENTED_EDGE('',*,*,#2712,.T.);
#2714=ORIENTED_EDGE('',*,*,#2332,.F.);
#2715=EDGE_LOOP('',(#2690,#2691,#2699,#2705,#2706,#2713,#2714));
#2716=FACE_BOUND('',#2715,.T.);
#2717=ADVANCED_FACE('',(#2716),#2689,.F.);
#2718=CARTESIAN_POINT('',(56.853213449,-9.765,39.234983518));
#2719=DIRECTION('',(-0.,1.,-0.));
#2720=DIRECTION('',(0.,0.,1.));
#2721=AXIS2_PLACEMENT_3D('',#2718,#2719,#2720);
#2722=PLANE('',#2721);
#2723=CARTESIAN_POINT('',(44.803213449,-9.765,33.569983519));
#2724=VERTEX_POINT('',#2723);
#2725=CARTESIAN_POINT('',(44.803213449,-9.765,45.009983518));
#2726=DIRECTION('',(-0.,-0.,-1.));
#2727=VECTOR('',#2726,11.439999999);
#2728=LINE('',#2725,#2727);
#2729=EDGE_CURVE('',#2653,#2724,#2728,.T.);
#2730=ORIENTED_EDGE('',*,*,#2729,.T.);
#2731=CARTESIAN_POINT('',(47.24578234,-9.765,33.569983519));
#2732=DIRECTION('',(-1.,-0.,0.));
#2733=VECTOR('',#2732,2.442568891);
#2734=LINE('',#2731,#2733);
#2735=EDGE_CURVE('',#2267,#2724,#2734,.T.);
#2736=ORIENTED_EDGE('',*,*,#2735,.F.);
#2737=ORIENTED_EDGE('',*,*,#2272,.F.);
#2738=CARTESIAN_POINT('',(45.44578234,-9.765,46.809983518));
#2739=DIRECTION('',(-0.,1.,-0.));
#2740=DIRECTION('',(0.,0.,1.));
#2741=AXIS2_PLACEMENT_3D('',#2738,#2739,#2740);
#2742=CIRCLE('',#2741,1.8);
#2743=EDGE_CURVE('',#2259,#2651,#2742,.T.);
#2744=ORIENTED_EDGE('',*,*,#2743,.T.);
#2745=ORIENTED_EDGE('',*,*,#2658,.T.);
#2746=EDGE_LOOP('',(#2730,#2736,#2737,#2744,#2745));
#2747=FACE_BOUND('',#2746,.T.);
#2748=ADVANCED_FACE('',(#2747),#2722,.F.);
#2749=CARTESIAN_POINT('',(-10.725502106,-36.011550735,36.559983519));
#2750=DIRECTION('',(-0.,1.,-0.));
#2751=DIRECTION('',(-1.,-0.,0.));
#2752=AXIS2_PLACEMENT_3D('',#2749,#2750,#2751);
#2753=PLANE('',#2752);
#2754=ORIENTED_EDGE('',*,*,#2616,.T.);
#2755=ORIENTED_EDGE('',*,*,#2144,.F.);
#2756=CARTESIAN_POINT('',(-64.696786551,-36.011550735,36.559983519));
#2757=VERTEX_POINT('',#2756);
#2758=CARTESIAN_POINT('',(-64.696786551,-36.011550735,36.559983519));
#2759=DIRECTION('',(-0.,-0.,-1.));
#2760=VECTOR('',#2759,2.99);
#2761=LINE('',#2758,#2760);
#2762=EDGE_CURVE('',#2757,#2133,#2761,.T.);
#2763=ORIENTED_EDGE('',*,*,#2762,.F.);
#2764=CARTESIAN_POINT('',(-64.696786551,-36.011550735,36.559983519));
#2765=DIRECTION('',(1.,0.,-0.));
#2766=VECTOR('',#2765,109.542568891);
#2767=LINE('',#2764,#2766);
#2768=EDGE_CURVE('',#2757,#2596,#2767,.T.);
#2769=ORIENTED_EDGE('',*,*,#2768,.T.);
#2770=EDGE_LOOP('',(#2754,#2755,#2763,#2769));
#2771=FACE_BOUND('',#2770,.T.);
#2772=ADVANCED_FACE('',(#2771),#2753,.T.);
#2773=CARTESIAN_POINT('',(-42.128777473,-35.005,33.569983519));
#2774=DIRECTION('',(0.,-0.,-1.));
#2775=DIRECTION('',(0.,1.,-0.));
#2776=AXIS2_PLACEMENT_3D('',#2773,#2774,#2775);
#2777=PLANE('',#2776);
#2778=ORIENTED_EDGE('',*,*,#2735,.T.);
#2779=CARTESIAN_POINT('',(44.803213449,-6.265,33.569983519));
#2780=DIRECTION('',(0.,-1.,0.));
#2781=VECTOR('',#2780,3.5);
#2782=LINE('',#2779,#2781);
#2783=EDGE_CURVE('',#2627,#2724,#2782,.T.);
#2784=ORIENTED_EDGE('',*,*,#2783,.F.);
#2785=ORIENTED_EDGE('',*,*,#2632,.F.);
#2786=ORIENTED_EDGE('',*,*,#2280,.T.);
#2787=EDGE_LOOP('',(#2778,#2784,#2785,#2786));
#2788=FACE_BOUND('',#2787,.T.);
#2789=ADVANCED_FACE('',(#2788),#2777,.T.);
#2790=CARTESIAN_POINT('',(44.84578234,-4.855,36.559983519));
#2791=DIRECTION('',(-1.,-0.,0.));
#2792=DIRECTION('',(0.,0.,1.));
#2793=AXIS2_PLACEMENT_3D('',#2790,#2791,#2792);
#2794=PLANE('',#2793);
#2795=ORIENTED_EDGE('',*,*,#2122,.F.);
#2796=ORIENTED_EDGE('',*,*,#2576,.F.);
#2797=CARTESIAN_POINT('',(44.84578234,26.301550735,36.559983519));
#2798=VERTEX_POINT('',#2797);
#2799=CARTESIAN_POINT('',(44.84578234,5.235,36.559983519));
#2800=DIRECTION('',(-0.,1.,-0.));
#2801=VECTOR('',#2800,21.066550735);
#2802=LINE('',#2799,#2801);
#2803=EDGE_CURVE('',#2563,#2798,#2802,.T.);
#2804=ORIENTED_EDGE('',*,*,#2803,.T.);
#2805=CARTESIAN_POINT('',(44.84578234,26.301550735,36.559983519));
#2806=DIRECTION('',(-0.,-0.,-1.));
#2807=VECTOR('',#2806,2.99);
#2808=LINE('',#2805,#2807);
#2809=EDGE_CURVE('',#2798,#2117,#2808,.T.);
#2810=ORIENTED_EDGE('',*,*,#2809,.T.);
#2811=EDGE_LOOP('',(#2795,#2796,#2804,#2810));
#2812=FACE_BOUND('',#2811,.T.);
#2813=ADVANCED_FACE('',(#2812),#2794,.T.);
#2814=CARTESIAN_POINT('',(-10.725502106,26.301550735,36.559983519));
#2815=DIRECTION('',(0.,-1.,0.));
#2816=DIRECTION('',(1.,0.,0.));
#2817=AXIS2_PLACEMENT_3D('',#2814,#2815,#2816);
#2818=PLANE('',#2817);
#2819=CARTESIAN_POINT('',(-64.696786551,26.301550735,36.559983519));
#2820=VERTEX_POINT('',#2819);
#2821=CARTESIAN_POINT('',(44.84578234,26.301550735,36.559983519));
#2822=DIRECTION('',(-1.,-0.,0.));
#2823=VECTOR('',#2822,109.542568891);
#2824=LINE('',#2821,#2823);
#2825=EDGE_CURVE('',#2798,#2820,#2824,.T.);
#2826=ORIENTED_EDGE('',*,*,#2825,.T.);
#2827=CARTESIAN_POINT('',(-64.696786551,26.301550735,36.559983519));
#2828=DIRECTION('',(-0.,-0.,-1.));
#2829=VECTOR('',#2828,2.99);
#2830=LINE('',#2827,#2829);
#2831=EDGE_CURVE('',#2820,#2125,#2830,.T.);
#2832=ORIENTED_EDGE('',*,*,#2831,.T.);
#2833=ORIENTED_EDGE('',*,*,#2130,.F.);
#2834=ORIENTED_EDGE('',*,*,#2809,.F.);
#2835=EDGE_LOOP('',(#2826,#2832,#2833,#2834));
#2836=FACE_BOUND('',#2835,.T.);
#2837=ADVANCED_FACE('',(#2836),#2818,.T.);
#2838=CARTESIAN_POINT('',(-42.128777473,-35.005,50.069983519));
#2839=DIRECTION('',(0.,-0.,-1.));
#2840=DIRECTION('',(0.,1.,-0.));
#2841=AXIS2_PLACEMENT_3D('',#2838,#2839,#2840);
#2842=PLANE('',#2841);
#2843=CARTESIAN_POINT('',(-62.696786551,23.895,50.069983519));
#2844=VERTEX_POINT('',#2843);
#2845=CARTESIAN_POINT('',(-62.696786551,-33.605,50.069983519));
#2846=VERTEX_POINT('',#2845);
#2847=CARTESIAN_POINT('',(-62.696786551,23.895,50.069983519));
#2848=DIRECTION('',(-0.,-1.,-0.));
#2849=VECTOR('',#2848,57.5);
#2850=LINE('',#2847,#2849);
#2851=EDGE_CURVE('',#2844,#2846,#2850,.T.);
#2852=ORIENTED_EDGE('',*,*,#2851,.F.);
#2853=CARTESIAN_POINT('',(44.803213449,23.895,50.069983519));
#2854=VERTEX_POINT('',#2853);
#2855=CARTESIAN_POINT('',(44.803213449,23.895,50.069983519));
#2856=DIRECTION('',(-1.,-0.,0.));
#2857=VECTOR('',#2856,107.5);
#2858=LINE('',#2855,#2857);
#2859=EDGE_CURVE('',#2854,#2844,#2858,.T.);
#2860=ORIENTED_EDGE('',*,*,#2859,.F.);
#2861=CARTESIAN_POINT('',(44.803213449,-33.605,50.069983519));
#2862=VERTEX_POINT('',#2861);
#2863=CARTESIAN_POINT('',(44.803213449,-33.605,50.069983519));
#2864=DIRECTION('',(-0.,1.,-0.));
#2865=VECTOR('',#2864,57.5);
#2866=LINE('',#2863,#2865);
#2867=EDGE_CURVE('',#2862,#2854,#2866,.T.);
#2868=ORIENTED_EDGE('',*,*,#2867,.F.);
#2869=CARTESIAN_POINT('',(-62.696786551,-33.605,50.069983519));
#2870=DIRECTION('',(1.,0.,-0.));
#2871=VECTOR('',#2870,107.5);
#2872=LINE('',#2869,#2871);
#2873=EDGE_CURVE('',#2846,#2862,#2872,.T.);
#2874=ORIENTED_EDGE('',*,*,#2873,.F.);
#2875=EDGE_LOOP('',(#2852,#2860,#2868,#2874));
#2876=FACE_BOUND('',#2875,.T.);
#2877=ORIENTED_EDGE('',*,*,#2502,.F.);
#2878=ORIENTED_EDGE('',*,*,#2209,.T.);
#2879=ORIENTED_EDGE('',*,*,#2178,.T.);
#2880=ORIENTED_EDGE('',*,*,#2246,.F.);
#2881=EDGE_LOOP('',(#2877,#2878,#2879,#2880));
#2882=FACE_BOUND('',#2881,.T.);
#2883=ADVANCED_FACE('',(#2876,#2882),#2842,.T.);
#2884=CARTESIAN_POINT('',(-62.696786551,-35.005,53.569983519));
#2885=DIRECTION('',(1.,0.,0.));
#2886=DIRECTION('',(0.,0.,-1.));
#2887=AXIS2_PLACEMENT_3D('',#2884,#2885,#2886);
#2888=PLANE('',#2887);
#2889=ORIENTED_EDGE('',*,*,#2851,.T.);
#2890=CARTESIAN_POINT('',(-62.696786551,-33.605,36.559983519));
#2891=VERTEX_POINT('',#2890);
#2892=CARTESIAN_POINT('',(-62.696786551,-33.605,36.559983519));
#2893=DIRECTION('',(0.,0.,1.));
#2894=VECTOR('',#2893,13.51);
#2895=LINE('',#2892,#2894);
#2896=EDGE_CURVE('',#2891,#2846,#2895,.T.);
#2897=ORIENTED_EDGE('',*,*,#2896,.F.);
#2898=CARTESIAN_POINT('',(-62.696786551,23.895,36.559983519));
#2899=VERTEX_POINT('',#2898);
#2900=CARTESIAN_POINT('',(-62.696786551,23.895,36.559983519));
#2901=DIRECTION('',(0.,-1.,0.));
#2902=VECTOR('',#2901,57.5);
#2903=LINE('',#2900,#2902);
#2904=EDGE_CURVE('',#2899,#2891,#2903,.T.);
#2905=ORIENTED_EDGE('',*,*,#2904,.F.);
#2906=CARTESIAN_POINT('',(-62.696786551,23.895,36.559983519));
#2907=DIRECTION('',(0.,0.,1.));
#2908=VECTOR('',#2907,13.51);
#2909=LINE('',#2906,#2908);
#2910=EDGE_CURVE('',#2899,#2844,#2909,.T.);
#2911=ORIENTED_EDGE('',*,*,#2910,.T.);
#2912=EDGE_LOOP('',(#2889,#2897,#2905,#2911));
#2913=FACE_BOUND('',#2912,.T.);
#2914=ADVANCED_FACE('',(#2913),#2888,.T.);
#2915=CARTESIAN_POINT('',(38.903213449,-31.345,36.559983519));
#2916=DIRECTION('',(0.,0.,1.));
#2917=DIRECTION('',(1.,0.,-0.));
#2918=AXIS2_PLACEMENT_3D('',#2915,#2916,#2917);
#2919=PLANE('',#2918);
#2920=ORIENTED_EDGE('',*,*,#2603,.F.);
#2921=ORIENTED_EDGE('',*,*,#2768,.F.);
#2922=CARTESIAN_POINT('',(-64.696786551,26.301550735,36.559983519));
#2923=DIRECTION('',(0.,-1.,0.));
#2924=VECTOR('',#2923,62.31310147);
#2925=LINE('',#2922,#2924);
#2926=EDGE_CURVE('',#2820,#2757,#2925,.T.);
#2927=ORIENTED_EDGE('',*,*,#2926,.F.);
#2928=ORIENTED_EDGE('',*,*,#2825,.F.);
#2929=ORIENTED_EDGE('',*,*,#2803,.F.);
#2930=ORIENTED_EDGE('',*,*,#2570,.T.);
#2931=CARTESIAN_POINT('',(44.803213449,23.895,36.559983519));
#2932=VERTEX_POINT('',#2931);
#2933=CARTESIAN_POINT('',(44.803213449,23.895,36.559983519));
#2934=DIRECTION('',(0.,-1.,0.));
#2935=VECTOR('',#2934,18.66);
#2936=LINE('',#2933,#2935);
#2937=EDGE_CURVE('',#2932,#2565,#2936,.T.);
#2938=ORIENTED_EDGE('',*,*,#2937,.F.);
#2939=CARTESIAN_POINT('',(44.803213449,23.895,36.559983519));
#2940=DIRECTION('',(-1.,-0.,0.));
#2941=VECTOR('',#2940,107.5);
#2942=LINE('',#2939,#2941);
#2943=EDGE_CURVE('',#2932,#2899,#2942,.T.);
#2944=ORIENTED_EDGE('',*,*,#2943,.T.);
#2945=ORIENTED_EDGE('',*,*,#2904,.T.);
#2946=CARTESIAN_POINT('',(44.803213449,-33.605,36.559983519));
#2947=VERTEX_POINT('',#2946);
#2948=CARTESIAN_POINT('',(-62.696786551,-33.605,36.559983519));
#2949=DIRECTION('',(1.,0.,-0.));
#2950=VECTOR('',#2949,107.5);
#2951=LINE('',#2948,#2950);
#2952=EDGE_CURVE('',#2891,#2947,#2951,.T.);
#2953=ORIENTED_EDGE('',*,*,#2952,.T.);
#2954=CARTESIAN_POINT('',(44.803213449,-22.385,36.559983519));
#2955=DIRECTION('',(0.,-1.,0.));
#2956=VECTOR('',#2955,11.22);
#2957=LINE('',#2954,#2956);
#2958=EDGE_CURVE('',#2693,#2947,#2957,.T.);
#2959=ORIENTED_EDGE('',*,*,#2958,.F.);
#2960=ORIENTED_EDGE('',*,*,#2698,.F.);
#2961=EDGE_LOOP('',(#2920,#2921,#2927,#2928,#2929,#2930,#2938,#2944,#2945,#2953,#2959,#2960));
#2962=FACE_BOUND('',#2961,.T.);
#2963=ADVANCED_FACE('',(#2962),#2919,.F.);
#2964=CARTESIAN_POINT('',(-64.696786551,-4.855,36.559983519));
#2965=DIRECTION('',(1.,0.,-0.));
#2966=DIRECTION('',(-0.,0.,-1.));
#2967=AXIS2_PLACEMENT_3D('',#2964,#2965,#2966);
#2968=PLANE('',#2967);
#2969=ORIENTED_EDGE('',*,*,#2926,.T.);
#2970=ORIENTED_EDGE('',*,*,#2762,.T.);
#2971=ORIENTED_EDGE('',*,*,#2138,.F.);
#2972=ORIENTED_EDGE('',*,*,#2831,.F.);
#2973=EDGE_LOOP('',(#2969,#2970,#2971,#2972));
#2974=FACE_BOUND('',#2973,.T.);
#2975=ADVANCED_FACE('',(#2974),#2968,.T.);
#2976=CARTESIAN_POINT('',(1.303213449,23.895,29.069983519));
#2977=DIRECTION('',(-0.,1.,-0.));
#2978=DIRECTION('',(0.,0.,1.));
#2979=AXIS2_PLACEMENT_3D('',#2976,#2977,#2978);
#2980=PLANE('',#2979);
#2981=ORIENTED_EDGE('',*,*,#2943,.F.);
#2982=CARTESIAN_POINT('',(44.803213449,23.895,36.559983519));
#2983=DIRECTION('',(0.,0.,1.));
#2984=VECTOR('',#2983,13.51);
#2985=LINE('',#2982,#2984);
#2986=EDGE_CURVE('',#2932,#2854,#2985,.T.);
#2987=ORIENTED_EDGE('',*,*,#2986,.T.);
#2988=ORIENTED_EDGE('',*,*,#2859,.T.);
#2989=ORIENTED_EDGE('',*,*,#2910,.F.);
#2990=EDGE_LOOP('',(#2981,#2987,#2988,#2989));
#2991=FACE_BOUND('',#2990,.T.);
#2992=ADVANCED_FACE('',(#2991),#2980,.F.);
#2993=CARTESIAN_POINT('',(44.803213449,-4.855,29.069983519));
#2994=DIRECTION('',(1.,0.,-0.));
#2995=DIRECTION('',(-0.,0.,-1.));
#2996=AXIS2_PLACEMENT_3D('',#2993,#2994,#2995);
#2997=PLANE('',#2996);
#2998=ORIENTED_EDGE('',*,*,#2552,.F.);
#2999=ORIENTED_EDGE('',*,*,#2638,.F.);
#3000=ORIENTED_EDGE('',*,*,#2783,.T.);
#3001=ORIENTED_EDGE('',*,*,#2729,.F.);
#3002=ORIENTED_EDGE('',*,*,#2680,.F.);
#3003=ORIENTED_EDGE('',*,*,#2704,.F.);
#3004=ORIENTED_EDGE('',*,*,#2958,.T.);
#3005=CARTESIAN_POINT('',(44.803213449,-33.605,36.559983519));
#3006=DIRECTION('',(0.,0.,1.));
#3007=VECTOR('',#3006,13.51);
#3008=LINE('',#3005,#3007);
#3009=EDGE_CURVE('',#2947,#2862,#3008,.T.);
#3010=ORIENTED_EDGE('',*,*,#3009,.T.);
#3011=ORIENTED_EDGE('',*,*,#2867,.T.);
#3012=ORIENTED_EDGE('',*,*,#2986,.F.);
#3013=ORIENTED_EDGE('',*,*,#2937,.T.);
#3014=ORIENTED_EDGE('',*,*,#2585,.T.);
#3015=EDGE_LOOP('',(#2998,#2999,#3000,#3001,#3002,#3003,#3004,#3010,#3011,#3012,#3013,#3014));
#3016=FACE_BOUND('',#3015,.T.);
#3017=ADVANCED_FACE('',(#3016),#2997,.F.);
#3018=CARTESIAN_POINT('',(1.303213449,-33.605,29.069983519));
#3019=DIRECTION('',(0.,-1.,0.));
#3020=DIRECTION('',(0.,-0.,-1.));
#3021=AXIS2_PLACEMENT_3D('',#3018,#3019,#3020);
#3022=PLANE('',#3021);
#3023=ORIENTED_EDGE('',*,*,#3009,.F.);
#3024=ORIENTED_EDGE('',*,*,#2952,.F.);
#3025=ORIENTED_EDGE('',*,*,#2896,.T.);
#3026=ORIENTED_EDGE('',*,*,#2873,.T.);
#3027=EDGE_LOOP('',(#3023,#3024,#3025,#3026));
#3028=FACE_BOUND('',#3027,.T.);
#3029=ADVANCED_FACE('',(#3028),#3022,.F.);
#3030=CARTESIAN_POINT('',(45.44578234,15.795,46.809983518));
#3031=DIRECTION('',(0.,1.,-0.));
#3032=DIRECTION('',(-1.,0.,0.));
#3033=AXIS2_PLACEMENT_3D('',#3030,#3031,#3032);
#3034=CYLINDRICAL_SURFACE('',#3033,1.8);
#3035=ORIENTED_EDGE('',*,*,#2712,.F.);
#3036=ORIENTED_EDGE('',*,*,#2666,.F.);
#3037=ORIENTED_EDGE('',*,*,#2743,.F.);
#3038=ORIENTED_EDGE('',*,*,#2264,.F.);
#3039=EDGE_LOOP('',(#3035,#3036,#3037,#3038));
#3040=FACE_BOUND('',#3039,.T.);
#3041=ADVANCED_FACE('',(#3040),#3034,.T.);
#3042=CARTESIAN_POINT('',(-34.199685319,-4.855,51.569983519));
#3043=DIRECTION('',(-0.,0.,1.));
#3044=DIRECTION('',(1.,0.,0.));
#3045=AXIS2_PLACEMENT_3D('',#3042,#3043,#3044);
#3046=PLANE('',#3045);
#3047=CARTESIAN_POINT('',(43.04578234,22.095,51.569983519));
#3048=VERTEX_POINT('',#3047);
#3049=CARTESIAN_POINT('',(-35.196786551,22.095,51.569983519));
#3050=VERTEX_POINT('',#3049);
#3051=CARTESIAN_POINT('',(43.04578234,22.095,51.569983519));
#3052=DIRECTION('',(-1.,-0.,-0.));
#3053=VECTOR('',#3052,78.242568891);
#3054=LINE('',#3051,#3053);
#3055=EDGE_CURVE('',#3048,#3050,#3054,.T.);
#3056=ORIENTED_EDGE('',*,*,#3055,.T.);
#3057=CARTESIAN_POINT('',(-35.196786551,-31.805,51.569983519));
#3058=VERTEX_POINT('',#3057);
#3059=CARTESIAN_POINT('',(-35.196786551,22.095,51.569983519));
#3060=DIRECTION('',(0.,-1.,0.));
#3061=VECTOR('',#3060,53.9);
#3062=LINE('',#3059,#3061);
#3063=EDGE_CURVE('',#3050,#3058,#3062,.T.);
#3064=ORIENTED_EDGE('',*,*,#3063,.T.);
#3065=CARTESIAN_POINT('',(43.04578234,-31.805,51.569983519));
#3066=VERTEX_POINT('',#3065);
#3067=CARTESIAN_POINT('',(43.04578234,-31.805,51.569983519));
#3068=DIRECTION('',(-1.,0.,-0.));
#3069=VECTOR('',#3068,78.242568891);
#3070=LINE('',#3067,#3069);
#3071=EDGE_CURVE('',#3066,#3058,#3070,.T.);
#3072=ORIENTED_EDGE('',*,*,#3071,.F.);
#3073=CARTESIAN_POINT('',(43.04578234,22.095,51.569983519));
#3074=DIRECTION('',(0.,-1.,0.));
#3075=VECTOR('',#3074,53.9);
#3076=LINE('',#3073,#3075);
#3077=EDGE_CURVE('',#3048,#3066,#3076,.T.);
#3078=ORIENTED_EDGE('',*,*,#3077,.F.);
#3079=EDGE_LOOP('',(#3056,#3064,#3072,#3078));
#3080=FACE_BOUND('',#3079,.T.);
#3081=ORIENTED_EDGE('',*,*,#2232,.F.);
#3082=ORIENTED_EDGE('',*,*,#2162,.T.);
#3083=ORIENTED_EDGE('',*,*,#2200,.T.);
#3084=ORIENTED_EDGE('',*,*,#2495,.F.);
#3085=EDGE_LOOP('',(#3081,#3082,#3083,#3084));
#3086=FACE_BOUND('',#3085,.T.);
#3087=ADVANCED_FACE('',(#3080,#3086),#3046,.F.);
#3088=CARTESIAN_POINT('',(45.24578234,15.795,51.569983519));
#3089=DIRECTION('',(-0.,-1.,0.));
#3090=DIRECTION('',(1.,-0.,0.));
#3091=AXIS2_PLACEMENT_3D('',#3088,#3089,#3090);
#3092=CYLINDRICAL_SURFACE('',#3091,2.);
#3093=CARTESIAN_POINT('',(45.24578234,-36.011550735,53.569983519));
#3094=VERTEX_POINT('',#3093);
#3095=CARTESIAN_POINT('',(45.24578234,-36.011550735,51.569983519));
#3096=DIRECTION('',(0.,1.,-0.));
#3097=DIRECTION('',(1.,-0.,0.));
#3098=AXIS2_PLACEMENT_3D('',#3095,#3096,#3097);
#3099=CIRCLE('',#3098,2.);
#3100=EDGE_CURVE('',#3094,#2314,#3099,.T.);
#3101=ORIENTED_EDGE('',*,*,#3100,.T.);
#3102=ORIENTED_EDGE('',*,*,#2319,.T.);
#3103=CARTESIAN_POINT('',(45.24578234,26.301550735,53.569983519));
#3104=VERTEX_POINT('',#3103);
#3105=CARTESIAN_POINT('',(45.24578234,26.301550735,51.569983519));
#3106=DIRECTION('',(-0.,-1.,0.));
#3107=DIRECTION('',(1.,-0.,0.));
#3108=AXIS2_PLACEMENT_3D('',#3105,#3106,#3107);
#3109=CIRCLE('',#3108,2.);
#3110=EDGE_CURVE('',#2306,#3104,#3109,.T.);
#3111=ORIENTED_EDGE('',*,*,#3110,.T.);
#3112=CARTESIAN_POINT('',(45.24578234,-36.011550735,53.569983519));
#3113=DIRECTION('',(0.,1.,-0.));
#3114=VECTOR('',#3113,62.31310147);
#3115=LINE('',#3112,#3114);
#3116=EDGE_CURVE('',#3094,#3104,#3115,.T.);
#3117=ORIENTED_EDGE('',*,*,#3116,.F.);
#3118=EDGE_LOOP('',(#3101,#3102,#3111,#3117));
#3119=FACE_BOUND('',#3118,.T.);
#3120=ADVANCED_FACE('',(#3119),#3092,.T.);
#3121=CARTESIAN_POINT('',(45.24578234,-36.011550735,51.569983519));
#3122=DIRECTION('',(0.,0.,1.));
#3123=DIRECTION('',(1.,0.,-0.));
#3124=AXIS2_PLACEMENT_3D('',#3121,#3122,#3123);
#3125=SPHERICAL_SURFACE('',#3124,2.);
#3126=CARTESIAN_POINT('',(45.24578234,-36.011550735,51.569983519));
#3127=DIRECTION('',(1.,-0.,0.));
#3128=DIRECTION('',(0.,0.,-1.));
#3129=AXIS2_PLACEMENT_3D('',#3126,#3127,#3128);
#3130=CIRCLE('',#3129,2.);
#3131=EDGE_CURVE('',#3094,#2344,#3130,.T.);
#3132=ORIENTED_EDGE('',*,*,#3131,.T.);
#3133=ORIENTED_EDGE('',*,*,#2350,.F.);
#3134=ORIENTED_EDGE('',*,*,#3100,.F.);
#3135=EDGE_LOOP('',(#3132,#3133,#3134));
#3136=FACE_BOUND('',#3135,.T.);
#3137=ADVANCED_FACE('',(#3136),#3125,.T.);
#3138=CARTESIAN_POINT('',(-65.060768396,-36.011550735,51.569983519));
#3139=DIRECTION('',(1.,-0.,0.));
#3140=DIRECTION('',(0.,0.,-1.));
#3141=AXIS2_PLACEMENT_3D('',#3138,#3139,#3140);
#3142=CYLINDRICAL_SURFACE('',#3141,2.);
#3143=ORIENTED_EDGE('',*,*,#2374,.F.);
#3144=ORIENTED_EDGE('',*,*,#3131,.F.);
#3145=CARTESIAN_POINT('',(-64.696786551,-36.011550735,53.569983519));
#3146=VERTEX_POINT('',#3145);
#3147=CARTESIAN_POINT('',(-64.696786551,-36.011550735,53.569983519));
#3148=DIRECTION('',(1.,-0.,0.));
#3149=VECTOR('',#3148,109.942568891);
#3150=LINE('',#3147,#3149);
#3151=EDGE_CURVE('',#3146,#3094,#3150,.T.);
#3152=ORIENTED_EDGE('',*,*,#3151,.F.);
#3153=CARTESIAN_POINT('',(-64.696786551,-36.011550735,51.569983519));
#3154=DIRECTION('',(1.,-0.,0.));
#3155=DIRECTION('',(0.,0.,-1.));
#3156=AXIS2_PLACEMENT_3D('',#3153,#3154,#3155);
#3157=CIRCLE('',#3156,2.);
#3158=EDGE_CURVE('',#3146,#2369,#3157,.T.);
#3159=ORIENTED_EDGE('',*,*,#3158,.T.);
#3160=EDGE_LOOP('',(#3143,#3144,#3152,#3159));
#3161=FACE_BOUND('',#3160,.T.);
#3162=ADVANCED_FACE('',(#3161),#3142,.T.);
#3163=CARTESIAN_POINT('',(-64.696786551,-36.011550735,51.569983519));
#3164=DIRECTION('',(0.,0.,1.));
#3165=DIRECTION('',(1.,0.,-0.));
#3166=AXIS2_PLACEMENT_3D('',#3163,#3164,#3165);
#3167=SPHERICAL_SURFACE('',#3166,2.);
#3168=CARTESIAN_POINT('',(-64.696786551,-36.011550735,51.569983519));
#3169=DIRECTION('',(0.,-1.,0.));
#3170=DIRECTION('',(1.,0.,0.));
#3171=AXIS2_PLACEMENT_3D('',#3168,#3169,#3170);
#3172=CIRCLE('',#3171,2.);
#3173=EDGE_CURVE('',#3146,#2393,#3172,.T.);
#3174=ORIENTED_EDGE('',*,*,#3173,.T.);
#3175=ORIENTED_EDGE('',*,*,#2399,.F.);
#3176=ORIENTED_EDGE('',*,*,#3158,.F.);
#3177=EDGE_LOOP('',(#3174,#3175,#3176));
#3178=FACE_BOUND('',#3177,.T.);
#3179=ADVANCED_FACE('',(#3178),#3167,.T.);
#3180=CARTESIAN_POINT('',(39.939231604,26.301550735,51.569983519));
#3181=DIRECTION('',(-1.,-0.,-0.));
#3182=DIRECTION('',(-0.,0.,1.));
#3183=AXIS2_PLACEMENT_3D('',#3180,#3181,#3182);
#3184=CYLINDRICAL_SURFACE('',#3183,2.);
#3185=CARTESIAN_POINT('',(-64.696786551,26.301550735,53.569983519));
#3186=VERTEX_POINT('',#3185);
#3187=CARTESIAN_POINT('',(-64.696786551,26.301550735,51.569983519));
#3188=DIRECTION('',(1.,0.,0.));
#3189=DIRECTION('',(-0.,0.,1.));
#3190=AXIS2_PLACEMENT_3D('',#3187,#3188,#3189);
#3191=CIRCLE('',#3190,2.);
#3192=EDGE_CURVE('',#2417,#3186,#3191,.T.);
#3193=ORIENTED_EDGE('',*,*,#3192,.T.);
#3194=CARTESIAN_POINT('',(45.24578234,26.301550735,53.569983519));
#3195=DIRECTION('',(-1.,-0.,-0.));
#3196=VECTOR('',#3195,109.942568891);
#3197=LINE('',#3194,#3196);
#3198=EDGE_CURVE('',#3104,#3186,#3197,.T.);
#3199=ORIENTED_EDGE('',*,*,#3198,.F.);
#3200=CARTESIAN_POINT('',(45.24578234,26.301550735,51.569983519));
#3201=DIRECTION('',(1.,0.,0.));
#3202=DIRECTION('',(-0.,0.,1.));
#3203=AXIS2_PLACEMENT_3D('',#3200,#3201,#3202);
#3204=CIRCLE('',#3203,2.);
#3205=EDGE_CURVE('',#2425,#3104,#3204,.T.);
#3206=ORIENTED_EDGE('',*,*,#3205,.F.);
#3207=ORIENTED_EDGE('',*,*,#2430,.F.);
#3208=EDGE_LOOP('',(#3193,#3199,#3206,#3207));
#3209=FACE_BOUND('',#3208,.T.);
#3210=ADVANCED_FACE('',(#3209),#3184,.T.);
#3211=CARTESIAN_POINT('',(-64.696786551,26.301550735,51.569983519));
#3212=DIRECTION('',(0.,0.,1.));
#3213=DIRECTION('',(1.,0.,-0.));
#3214=AXIS2_PLACEMENT_3D('',#3211,#3212,#3213);
#3215=SPHERICAL_SURFACE('',#3214,2.);
#3216=ORIENTED_EDGE('',*,*,#2460,.F.);
#3217=CARTESIAN_POINT('',(-64.696786551,26.301550735,51.569983519));
#3218=DIRECTION('',(-0.,1.,-0.));
#3219=DIRECTION('',(1.,0.,0.));
#3220=AXIS2_PLACEMENT_3D('',#3217,#3218,#3219);
#3221=CIRCLE('',#3220,2.);
#3222=EDGE_CURVE('',#2448,#3186,#3221,.T.);
#3223=ORIENTED_EDGE('',*,*,#3222,.T.);
#3224=ORIENTED_EDGE('',*,*,#3192,.F.);
#3225=EDGE_LOOP('',(#3216,#3223,#3224));
#3226=FACE_BOUND('',#3225,.T.);
#3227=ADVANCED_FACE('',(#3226),#3215,.T.);
#3228=CARTESIAN_POINT('',(45.24578234,26.301550735,51.569983519));
#3229=DIRECTION('',(0.,0.,1.));
#3230=DIRECTION('',(1.,0.,-0.));
#3231=AXIS2_PLACEMENT_3D('',#3228,#3229,#3230);
#3232=SPHERICAL_SURFACE('',#3231,2.);
#3233=ORIENTED_EDGE('',*,*,#2478,.F.);
#3234=ORIENTED_EDGE('',*,*,#3205,.T.);
#3235=ORIENTED_EDGE('',*,*,#3110,.F.);
#3236=EDGE_LOOP('',(#3233,#3234,#3235));
#3237=FACE_BOUND('',#3236,.T.);
#3238=ADVANCED_FACE('',(#3237),#3232,.T.);
#3239=CARTESIAN_POINT('',(-64.696786551,-35.005,51.569983519));
#3240=DIRECTION('',(0.,-1.,0.));
#3241=DIRECTION('',(1.,0.,0.));
#3242=AXIS2_PLACEMENT_3D('',#3239,#3240,#3241);
#3243=CYLINDRICAL_SURFACE('',#3242,2.);
#3244=ORIENTED_EDGE('',*,*,#2516,.T.);
#3245=ORIENTED_EDGE('',*,*,#3173,.F.);
#3246=CARTESIAN_POINT('',(-64.696786551,26.301550735,53.569983519));
#3247=DIRECTION('',(0.,-1.,0.));
#3248=VECTOR('',#3247,62.31310147);
#3249=LINE('',#3246,#3248);
#3250=EDGE_CURVE('',#3186,#3146,#3249,.T.);
#3251=ORIENTED_EDGE('',*,*,#3250,.F.);
#3252=ORIENTED_EDGE('',*,*,#3222,.F.);
#3253=EDGE_LOOP('',(#3244,#3245,#3251,#3252));
#3254=FACE_BOUND('',#3253,.T.);
#3255=ADVANCED_FACE('',(#3254),#3243,.T.);
#3256=CARTESIAN_POINT('',(-43.832052841,-35.005,53.569983519));
#3257=DIRECTION('',(0.,-0.,-1.));
#3258=DIRECTION('',(-1.,0.,-0.));
#3259=AXIS2_PLACEMENT_3D('',#3256,#3257,#3258);
#3260=PLANE('',#3259);
#3261=CARTESIAN_POINT('',(-36.796786551,23.695,53.569983519));
#3262=VERTEX_POINT('',#3261);
#3263=CARTESIAN_POINT('',(44.64578234,23.695,53.569983519));
#3264=VERTEX_POINT('',#3263);
#3265=CARTESIAN_POINT('',(-36.796786551,23.695,53.569983519));
#3266=DIRECTION('',(1.,0.,0.));
#3267=VECTOR('',#3266,81.442568891);
#3268=LINE('',#3265,#3267);
#3269=EDGE_CURVE('',#3262,#3264,#3268,.T.);
#3270=ORIENTED_EDGE('',*,*,#3269,.T.);
#3271=CARTESIAN_POINT('',(44.64578234,-33.405,53.569983519));
#3272=VERTEX_POINT('',#3271);
#3273=CARTESIAN_POINT('',(44.64578234,23.695,53.569983519));
#3274=DIRECTION('',(0.,-1.,0.));
#3275=VECTOR('',#3274,57.1);
#3276=LINE('',#3273,#3275);
#3277=EDGE_CURVE('',#3264,#3272,#3276,.T.);
#3278=ORIENTED_EDGE('',*,*,#3277,.T.);
#3279=CARTESIAN_POINT('',(-36.796786551,-33.405,53.569983519));
#3280=VERTEX_POINT('',#3279);
#3281=CARTESIAN_POINT('',(44.64578234,-33.405,53.569983519));
#3282=DIRECTION('',(-1.,0.,-0.));
#3283=VECTOR('',#3282,81.442568891);
#3284=LINE('',#3281,#3283);
#3285=EDGE_CURVE('',#3272,#3280,#3284,.T.);
#3286=ORIENTED_EDGE('',*,*,#3285,.T.);
#3287=CARTESIAN_POINT('',(-36.796786551,-33.405,53.569983519));
#3288=DIRECTION('',(0.,1.,-0.));
#3289=VECTOR('',#3288,57.1);
#3290=LINE('',#3287,#3289);
#3291=EDGE_CURVE('',#3280,#3262,#3290,.T.);
#3292=ORIENTED_EDGE('',*,*,#3291,.T.);
#3293=EDGE_LOOP('',(#3270,#3278,#3286,#3292));
#3294=FACE_BOUND('',#3293,.T.);
#3295=ORIENTED_EDGE('',*,*,#3250,.T.);
#3296=ORIENTED_EDGE('',*,*,#3151,.T.);
#3297=ORIENTED_EDGE('',*,*,#3116,.T.);
#3298=ORIENTED_EDGE('',*,*,#3198,.T.);
#3299=EDGE_LOOP('',(#3295,#3296,#3297,#3298));
#3300=FACE_BOUND('',#3299,.T.);
#3301=ADVANCED_FACE('',(#3294,#3300),#3260,.F.);
#3302=CARTESIAN_POINT('',(-35.196786551,-35.005,53.569983519));
#3303=DIRECTION('',(1.,0.,0.));
#3304=DIRECTION('',(0.,0.,-1.));
#3305=AXIS2_PLACEMENT_3D('',#3302,#3303,#3304);
#3306=PLANE('',#3305);
#3307=CARTESIAN_POINT('',(-35.196786551,22.095,51.969983519));
#3308=VERTEX_POINT('',#3307);
#3309=CARTESIAN_POINT('',(-35.196786551,22.095,51.969983519));
#3310=DIRECTION('',(0.,-0.,-1.));
#3311=VECTOR('',#3310,0.4);
#3312=LINE('',#3309,#3311);
#3313=EDGE_CURVE('',#3308,#3050,#3312,.T.);
#3314=ORIENTED_EDGE('',*,*,#3313,.F.);
#3315=CARTESIAN_POINT('',(-35.196786551,-31.805,51.969983519));
#3316=VERTEX_POINT('',#3315);
#3317=CARTESIAN_POINT('',(-35.196786551,22.095,51.969983519));
#3318=DIRECTION('',(-0.,-1.,0.));
#3319=VECTOR('',#3318,53.9);
#3320=LINE('',#3317,#3319);
#3321=EDGE_CURVE('',#3308,#3316,#3320,.T.);
#3322=ORIENTED_EDGE('',*,*,#3321,.T.);
#3323=CARTESIAN_POINT('',(-35.196786551,-31.805,51.569983519));
#3324=DIRECTION('',(0.,0.,1.));
#3325=VECTOR('',#3324,0.4);
#3326=LINE('',#3323,#3325);
#3327=EDGE_CURVE('',#3058,#3316,#3326,.T.);
#3328=ORIENTED_EDGE('',*,*,#3327,.F.);
#3329=ORIENTED_EDGE('',*,*,#3063,.F.);
#3330=EDGE_LOOP('',(#3314,#3322,#3328,#3329));
#3331=FACE_BOUND('',#3330,.T.);
#3332=ADVANCED_FACE('',(#3331),#3306,.T.);
#3333=CARTESIAN_POINT('',(1.303213449,22.095,55.569983519));
#3334=DIRECTION('',(0.,-1.,0.));
#3335=DIRECTION('',(0.,-0.,-1.));
#3336=AXIS2_PLACEMENT_3D('',#3333,#3334,#3335);
#3337=PLANE('',#3336);
#3338=CARTESIAN_POINT('',(43.04578234,22.095,51.969983519));
#3339=VERTEX_POINT('',#3338);
#3340=CARTESIAN_POINT('',(43.04578234,22.095,51.969983519));
#3341=DIRECTION('',(-0.,-0.,-1.));
#3342=VECTOR('',#3341,0.4);
#3343=LINE('',#3340,#3342);
#3344=EDGE_CURVE('',#3339,#3048,#3343,.T.);
#3345=ORIENTED_EDGE('',*,*,#3344,.F.);
#3346=CARTESIAN_POINT('',(43.04578234,22.095,51.969983519));
#3347=DIRECTION('',(-1.,-0.,-0.));
#3348=VECTOR('',#3347,78.242568891);
#3349=LINE('',#3346,#3348);
#3350=EDGE_CURVE('',#3339,#3308,#3349,.T.);
#3351=ORIENTED_EDGE('',*,*,#3350,.T.);
#3352=ORIENTED_EDGE('',*,*,#3313,.T.);
#3353=ORIENTED_EDGE('',*,*,#3055,.F.);
#3354=EDGE_LOOP('',(#3345,#3351,#3352,#3353));
#3355=FACE_BOUND('',#3354,.T.);
#3356=ADVANCED_FACE('',(#3355),#3337,.T.);
#3357=CARTESIAN_POINT('',(-65.060768396,-31.805,40.187169173));
#3358=DIRECTION('',(-0.,-1.,0.));
#3359=DIRECTION('',(1.,-0.,0.));
#3360=AXIS2_PLACEMENT_3D('',#3357,#3358,#3359);
#3361=PLANE('',#3360);
#3362=ORIENTED_EDGE('',*,*,#3327,.T.);
#3363=CARTESIAN_POINT('',(43.04578234,-31.805,51.969983519));
#3364=VERTEX_POINT('',#3363);
#3365=CARTESIAN_POINT('',(-35.196786551,-31.805,51.969983519));
#3366=DIRECTION('',(1.,-0.,0.));
#3367=VECTOR('',#3366,78.242568891);
#3368=LINE('',#3365,#3367);
#3369=EDGE_CURVE('',#3316,#3364,#3368,.T.);
#3370=ORIENTED_EDGE('',*,*,#3369,.T.);
#3371=CARTESIAN_POINT('',(43.04578234,-31.805,51.969983519));
#3372=DIRECTION('',(-0.,0.,-1.));
#3373=VECTOR('',#3372,0.4);
#3374=LINE('',#3371,#3373);
#3375=EDGE_CURVE('',#3364,#3066,#3374,.T.);
#3376=ORIENTED_EDGE('',*,*,#3375,.T.);
#3377=ORIENTED_EDGE('',*,*,#3071,.T.);
#3378=EDGE_LOOP('',(#3362,#3370,#3376,#3377));
#3379=FACE_BOUND('',#3378,.T.);
#3380=ADVANCED_FACE('',(#3379),#3361,.F.);
#3381=CARTESIAN_POINT('',(43.04578234,-4.855,55.569983519));
#3382=DIRECTION('',(1.,0.,-0.));
#3383=DIRECTION('',(-0.,0.,-1.));
#3384=AXIS2_PLACEMENT_3D('',#3381,#3382,#3383);
#3385=PLANE('',#3384);
#3386=ORIENTED_EDGE('',*,*,#3375,.F.);
#3387=CARTESIAN_POINT('',(43.04578234,-31.805,51.969983519));
#3388=DIRECTION('',(-0.,1.,-0.));
#3389=VECTOR('',#3388,53.9);
#3390=LINE('',#3387,#3389);
#3391=EDGE_CURVE('',#3364,#3339,#3390,.T.);
#3392=ORIENTED_EDGE('',*,*,#3391,.T.);
#3393=ORIENTED_EDGE('',*,*,#3344,.T.);
#3394=ORIENTED_EDGE('',*,*,#3077,.T.);
#3395=EDGE_LOOP('',(#3386,#3392,#3393,#3394));
#3396=FACE_BOUND('',#3395,.T.);
#3397=ADVANCED_FACE('',(#3396),#3385,.F.);
#3398=CARTESIAN_POINT('',(-36.796786551,-35.005,51.969983519));
#3399=DIRECTION('',(0.,-1.,0.));
#3400=DIRECTION('',(0.,-0.,-1.));
#3401=AXIS2_PLACEMENT_3D('',#3398,#3399,#3400);
#3402=CYLINDRICAL_SURFACE('',#3401,1.6);
#3403=CARTESIAN_POINT('',(-36.796786551,-33.405,51.969983519));
#3404=DIRECTION('',(0.707106781,-0.707106781,0.));
#3405=DIRECTION('',(0.707106781,0.707106781,0.));
#3406=AXIS2_PLACEMENT_3D('',#3403,#3404,#3405);
#3407=ELLIPSE('',#3406,2.2627417,1.6);
#3408=EDGE_CURVE('',#3316,#3280,#3407,.T.);
#3409=ORIENTED_EDGE('',*,*,#3408,.F.);
#3410=ORIENTED_EDGE('',*,*,#3321,.F.);
#3411=CARTESIAN_POINT('',(-36.796786551,23.695,51.969983519));
#3412=DIRECTION('',(0.707106781,0.707106781,0.));
#3413=DIRECTION('',(0.707106781,-0.707106781,0.));
#3414=AXIS2_PLACEMENT_3D('',#3411,#3412,#3413);
#3415=ELLIPSE('',#3414,2.2627417,1.6);
#3416=EDGE_CURVE('',#3262,#3308,#3415,.T.);
#3417=ORIENTED_EDGE('',*,*,#3416,.F.);
#3418=ORIENTED_EDGE('',*,*,#3291,.F.);
#3419=EDGE_LOOP('',(#3409,#3410,#3417,#3418));
#3420=FACE_BOUND('',#3419,.T.);
#3421=ADVANCED_FACE('',(#3420),#3402,.T.);
#3422=CARTESIAN_POINT('',(1.303213449,23.695,51.969983519));
#3423=DIRECTION('',(1.,0.,0.));
#3424=DIRECTION('',(0.,0.,-1.));
#3425=AXIS2_PLACEMENT_3D('',#3422,#3423,#3424);
#3426=CYLINDRICAL_SURFACE('',#3425,1.6);
#3427=ORIENTED_EDGE('',*,*,#3416,.T.);
#3428=ORIENTED_EDGE('',*,*,#3350,.F.);
#3429=CARTESIAN_POINT('',(44.64578234,23.695,51.969983519));
#3430=DIRECTION('',(0.707106781,-0.707106781,0.));
#3431=DIRECTION('',(-0.707106781,-0.707106781,-0.));
#3432=AXIS2_PLACEMENT_3D('',#3429,#3430,#3431);
#3433=ELLIPSE('',#3432,2.2627417,1.6);
#3434=EDGE_CURVE('',#3264,#3339,#3433,.T.);
#3435=ORIENTED_EDGE('',*,*,#3434,.F.);
#3436=ORIENTED_EDGE('',*,*,#3269,.F.);
#3437=EDGE_LOOP('',(#3427,#3428,#3435,#3436));
#3438=FACE_BOUND('',#3437,.T.);
#3439=ADVANCED_FACE('',(#3438),#3426,.T.);
#3440=CARTESIAN_POINT('',(-65.060768396,-33.405,51.969983519));
#3441=DIRECTION('',(1.,-0.,0.));
#3442=DIRECTION('',(0.,0.,-1.));
#3443=AXIS2_PLACEMENT_3D('',#3440,#3441,#3442);
#3444=CYLINDRICAL_SURFACE('',#3443,1.6);
#3445=ORIENTED_EDGE('',*,*,#3408,.T.);
#3446=ORIENTED_EDGE('',*,*,#3285,.F.);
#3447=CARTESIAN_POINT('',(44.64578234,-33.405,51.969983519));
#3448=DIRECTION('',(0.707106781,0.707106781,0.));
#3449=DIRECTION('',(0.707106781,-0.707106781,0.));
#3450=AXIS2_PLACEMENT_3D('',#3447,#3448,#3449);
#3451=ELLIPSE('',#3450,2.2627417,1.6);
#3452=EDGE_CURVE('',#3364,#3272,#3451,.T.);
#3453=ORIENTED_EDGE('',*,*,#3452,.F.);
#3454=ORIENTED_EDGE('',*,*,#3369,.F.);
#3455=EDGE_LOOP('',(#3445,#3446,#3453,#3454));
#3456=FACE_BOUND('',#3455,.T.);
#3457=ADVANCED_FACE('',(#3456),#3444,.T.);
#3458=CARTESIAN_POINT('',(44.64578234,-35.005,51.969983519));
#3459=DIRECTION('',(0.,-1.,0.));
#3460=DIRECTION('',(0.,-0.,-1.));
#3461=AXIS2_PLACEMENT_3D('',#3458,#3459,#3460);
#3462=CYLINDRICAL_SURFACE('',#3461,1.6);
#3463=ORIENTED_EDGE('',*,*,#3434,.T.);
#3464=ORIENTED_EDGE('',*,*,#3391,.F.);
#3465=ORIENTED_EDGE('',*,*,#3452,.T.);
#3466=ORIENTED_EDGE('',*,*,#3277,.F.);
#3467=EDGE_LOOP('',(#3463,#3464,#3465,#3466));
#3468=FACE_BOUND('',#3467,.T.);
#3469=ADVANCED_FACE('',(#3468),#3462,.T.);
#3470=CLOSED_SHELL('',(#2148,#2188,#2219,#2250,#2336,#2361,#2385,#2410,#2441,#2466,#2484,#2506,#2523,#2556,#2589,#2620,#2644,#2684,#2717,#2748,#2772,#2789,#2813,#2837,#2883,#2914,
#2963,#2975,#2992,#3017,#3029,#3041,#3087,#3120,#3137,#3162,#3179,#3210,#3227,#3238,#3255,#3301,#3332,#3356,#3380,#3397,#3421,#3439,#3457,#3469));
#3471=MANIFOLD_SOLID_BREP('Body 148',#3470);
#2008=STYLED_ITEM('',(#2007),#3471);
#16=SHAPE_REPRESENTATION('root',(#15),#10);
#17=ADVANCED_BREP_SHAPE_REPRESENTATION('root',(#2000,#3471),#10);
#3479=SHAPE_REPRESENTATION_RELATIONSHIP('','',#16,#17);
#3480=CARTESIAN_POINT('',(0.,0.,0.));
#3481=DIRECTION('',(0.,0.,1.));
#3482=DIRECTION('',(1.,0.,0.));
#3483=AXIS2_PLACEMENT_3D('',#3480,#3481,#3482);
#3485=MAPPED_ITEM('',#3484,#3483);
#3484=REPRESENTATION_MAP(#3483,#16);
#3486=APPLICATION_CONTEXT('Managed model based 3d engineering');
#3487=APPLICATION_PROTOCOL_DEFINITION('international standard','ap242_managed_model_based_3d_engineering',2014,#3486);
#3488=PRODUCT_CONTEXT('',#3486,'mechanical');
#3489=PRODUCT_DEFINITION_CONTEXT('part definition',#3486,'design');
#24=PRODUCT('root','root','',(#3488));
#3490=PRODUCT_RELATED_PRODUCT_CATEGORY('part','',(#24));
#3491=PRODUCT_DEFINITION_FORMATION_WITH_SPECIFIED_SOURCE('','',#24,.NOT_KNOWN.);
#25=PRODUCT_DEFINITION('design','',#3491,#3489);
#23=PRODUCT_DEFINITION_SHAPE('','',#25);
#3492=SHAPE_DEFINITION_REPRESENTATION(#23,#16);
#11=DRAUGHTING_MODEL('',(#3485),#10);
#3493=DESCRIPTIVE_REPRESENTATION_ITEM('KEY','C:\\Users\\theco\\AppData\\Local\\Packages\\Shapr3D.Shapr3D_dvv5p1vgwv6mp\\TempState\\73b2455e-0ec8-4979-bee9-8e390e9e7cd7.tmp');
#3494=PROPERTY_DEFINITION('KEY','',#25);
#3495=REPRESENTATION('',(#3493),#10);
#3496=PROPERTY_DEFINITION_REPRESENTATION(#3494,#3495);
#3497=GENERAL_PROPERTY('','KEY','');
#3498=GENERAL_PROPERTY_ASSOCIATION('','',#3497,#3494);
#1=MECHANICAL_DESIGN_GEOMETRIC_PRESENTATION_REPRESENTATION('',(#26,#2008),#10);
ENDSEC;
END-ISO-10303-21;
